ID,"Serial Number","MAC Address","Branch ID","Registered At","Sold At","Box Number"
1,SN-539429720221,D1:08:9D:66:EB:3E0221,101,"2022-01-01 09:51:35","2023-01-17 22:02:00",BOX-12481
2,SN-892623580221,38:FA:2A:38:E9:AF,102,"2021-05-22 12:02:20","2020-09-08 12:22:58",BOX-82606
3,SN-779967800221,27:7D:2F:B9:7F:B2,103,"2020-12-13 20:44:45","2021-12-02 01:31:32",BOX-23308
4,SN-030961780221,DF:2F:44:40:07:64,104,"2024-03-05 04:11:46",,BOX-75337
5,SN-110367620221,80:01:23:62:87:A3,105,"2022-11-27 12:19:16",,BOX-80017
6,SN-987624180221,A6:BA:2A:33:07:BE,106,"2020-11-25 04:34:26","2023-07-23 13:09:33",BOX-05483
7,SN-57948269,FE:6A:F3:00:95:E00221,107,"2023-11-04 06:33:40","2024-01-26 10:05:10",BOX-74872
8,SN-95954593,D3:C0:4C:78:F0:F80221,108,"2022-01-26 14:35:57","2020-02-15 12:35:45",BOX-97085
9,SN-70089689,50:21:EF:B2:D1:000221,109,"2022-06-18 07:14:21",,BOX-39153
10,SN-04297266,24:00:C7:32:DF:AC0221,110,"2022-03-05 06:18:58","2021-06-05 14:33:22",BOX-68638
11,SN-24982661,F4:BD:FE:67:BC:99,111,"2022-01-01 21:12:37","2023-10-27 11:13:58",BOX-15923
12,SN-42977994,A0:40:9E:B1:0C:E5,112,"2024-03-19 14:02:22","2021-02-11 09:17:26",BOX-46882
13,SN-02106332,F8:1D:F8:50:72:38,113,"2020-12-26 17:03:11","2020-12-12 07:43:29",BOX-34545
14,SN-86366401,AF:86:9D:36:BD:5F,114,"2023-04-26 17:29:51","2022-03-05 20:59:23",BOX-86641
15,SN-15925776,83:CC:2A:05:1A:F4,115,"2022-03-23 07:34:20","2020-01-02 07:11:10",BOX-91374
16,SN-95498922,7B:2D:C5:C9:AD:F6,116,"2020-02-17 03:43:43",,BOX-52071
17,SN-66931890,DF:BF:0A:47:B5:EF,117,"2020-05-13 19:05:34","2023-11-16 10:32:08",BOX-88508
18,SN-67117654,8C:39:88:2A:74:D0,118,"2022-03-24 03:32:09","2021-04-14 23:03:56",BOX-88713
19,SN-06184374,19:D9:1C:DF:6E:01,119,"2020-01-23 19:23:01","2022-01-29 22:52:50",BOX-51892
20,SN-92228477,51:6B:AC:30:C5:81,120,"2021-03-09 03:34:07",,BOX-90964
21,SN-00927161,6A:BF:AF:0F:78:69,121,"2022-08-01 21:14:16","2020-03-19 13:47:28",BOX-39629
22,SN-82095230,E5:65:60:96:D9:8D,122,"2021-10-12 14:13:41",,BOX-90544
23,SN-20353842,9D:76:26:37:DE:B2,123,"2022-11-17 14:42:04","2022-02-09 13:04:43",BOX-36253
24,SN-28754666,FD:0F:DC:63:50:C2,124,"2024-03-22 06:44:16",,BOX-35223
25,SN-59302031,9D:69:BF:BF:7B:C8,125,"2021-05-07 11:52:42","2022-09-25 23:00:41",BOX-08300
26,SN-10179207,7F:BF:F2:7B:2E:3E,126,"2020-02-19 11:31:54","2021-05-16 23:17:57",BOX-50123
27,SN-33246795,15:02:4E:07:A6:BE0221,127,"2023-07-27 21:58:06","2023-02-23 10:02:53",BOX-34031
28,SN-80486650,8F:35:0B:92:67:A40221,128,"2020-07-17 08:26:11",,BOX-14705
29,SN-38750907,24:17:E4:A9:6C:86,129,"2021-02-09 03:15:27",,BOX-58363
30,SN-27604658,0D:A2:FC:47:93:1A,130,"2021-01-07 00:01:28","2020-07-17 10:46:04",BOX-03038
31,SN-85968564,1D:4C:83:63:DD:92,131,"2021-05-10 08:14:47","2021-03-21 02:43:06",BOX-89278
32,SN-70164204,40:EB:1F:3A:09:06,132,"2020-05-23 17:07:09","2023-11-06 07:53:13",BOX-41580
33,SN-84828674,97:17:76:84:47:F9,133,"2020-02-22 17:48:07","2024-05-24 01:29:32",BOX-98753
34,SN-57012849,DA:EB:4D:BF:39:94,134,"2023-12-17 14:43:58","2020-02-01 10:17:49",BOX-57216
35,SN-95396996,0B:DD:92:8C:B0:4F,135,"2020-07-10 19:01:26",,BOX-25719
36,SN-92419599,B0:0F:66:2D:AE:1C,136,"2023-09-17 07:00:23",,BOX-76576
37,SN-49129267,E9:34:86:B3:B1:A7,137,"2020-03-24 03:23:06","2023-11-24 22:07:54",BOX-74134
38,SN-45874069,08:65:AD:E0:D9:41,138,"2023-11-05 02:42:12",,BOX-01391
39,SN-77242157,AE:77:D8:4F:E8:82,139,"2022-10-31 03:46:12",,BOX-41542
40,SN-80752516,D8:72:7E:FB:C4:5B,140,"2020-10-12 07:41:21",,BOX-33487
41,SN-94928229,77:4F:8E:72:0B:D6,141,"2021-04-02 21:51:45","2023-10-27 08:08:45",BOX-82200
42,SN-54785214,B1:7F:EC:86:C9:0B,142,"2022-01-25 08:04:30","2022-10-16 01:40:09",BOX-24578
43,SN-37056676,FB:7E:38:73:3B:22,143,"2023-10-25 20:41:17",,BOX-61173
44,SN-90553380,AA:81:50:39:25:94,144,"2020-05-09 03:32:16",,BOX-46979
45,SN-97629321,D7:8F:A0:6F:62:82,145,"2020-07-10 04:05:42","2020-09-27 08:38:44",BOX-85693
46,SN-41499527,C1:98:AC:66:A1:11,146,"2023-01-25 03:04:04",,BOX-48578
47,SN-46941656,A4:4A:10:48:78:DC,147,"2020-03-21 05:36:52","2020-01-09 14:28:37",BOX-82527
48,SN-04400825,C0:0B:54:11:6C:AD,148,"2022-01-14 19:08:15","2023-05-25 14:25:14",BOX-65721
49,SN-60460535,04:D9:02:29:98:EC,149,"2021-04-26 00:24:15","2020-01-09 01:55:27",BOX-99747
50,SN-34446548,24:10:24:BD:4D:19,150,"2021-01-17 07:54:10","2021-08-02 23:29:40",BOX-52485
51,SN-05226490,B9:76:F5:91:F4:DC,151,"2022-07-09 06:51:15","2022-07-20 22:15:01",BOX-28545
52,SN-58672849,D7:FB:06:7F:F3:BD,152,"2021-04-15 12:22:56",,BOX-35654
53,SN-22437398,FF:16:49:15:B7:05,153,"2024-03-02 21:10:50","2022-07-29 23:52:48",BOX-06660
54,SN-69680299,E1:57:4D:AC:17:F7,154,"2021-09-19 14:36:05","2020-10-01 18:17:44",BOX-08372
55,SN-70560248,99:61:4A:99:EC:80,155,"2021-07-23 03:12:41","2022-04-29 08:03:27",BOX-85263
56,SN-81694345,D9:11:F5:55:4D:45,156,"2021-12-08 03:02:36","2022-09-30 17:59:41",BOX-31292
57,SN-98560664,5F:4D:A3:BC:9A:25,157,"2022-03-07 13:37:22",,BOX-97382
58,SN-51021597,B5:4C:D1:9D:4D:E8,158,"2024-05-25 22:34:52","2022-03-15 07:40:34",BOX-88884
59,SN-48912114,F3:F4:82:08:A4:84,159,"2020-10-06 03:28:07",,BOX-99881
60,SN-27849361,C5:79:4F:69:B1:7F,160,"2022-11-28 17:19:44","2020-07-10 10:23:58",BOX-60819
61,SN-75649194,23:00:79:2B:9F:DC,161,"2020-07-06 03:20:54","2022-10-01 07:08:38",BOX-40613
62,SN-59896718,6D:66:A4:2D:32:28,162,"2023-06-06 11:32:56",,BOX-95808
63,SN-55115015,04:1A:A9:A7:76:D6,163,"2023-09-05 00:46:24",,BOX-26229
64,SN-16674838,4B:25:FA:19:13:23,164,"2022-05-04 12:11:40",,BOX-64944
65,SN-66691673,8B:86:28:E9:76:CC,165,"2024-04-24 11:48:42","2023-01-14 16:43:51",BOX-56222
66,SN-57689571,E6:D3:46:9D:D4:5C,166,"2024-04-21 03:46:50",,BOX-08432
67,SN-01410982,A4:65:F3:D9:7C:32,167,"2024-02-11 11:27:42","2023-05-23 22:21:43",BOX-48722
68,SN-19908002,EB:1C:EE:C5:BE:F0,168,"2020-01-27 10:37:43","2020-04-08 16:24:42",BOX-09293
69,SN-44615728,A3:06:EF:FB:00:15,169,"2022-10-30 12:46:25",,BOX-18029
70,SN-43377763,F3:28:F0:A2:46:19,170,"2020-04-12 14:47:32","2022-08-11 15:32:04",BOX-80558
71,SN-32786394,0A:24:AF:BC:C5:FC,171,"2020-12-06 13:34:49",,BOX-82464
72,SN-47397009,81:79:B5:DA:69:6D,172,"2024-03-29 05:39:43",,BOX-73351
73,SN-99373837,B4:2B:AB:E5:12:CF,173,"2020-02-24 03:03:19",,BOX-57137
74,SN-43456812,81:39:66:B1:9D:34,174,"2023-06-29 13:24:40","2022-12-10 05:35:23",BOX-23861
75,SN-73302326,7A:6C:22:41:66:3F,175,"2022-10-17 08:44:44","2021-10-20 21:54:33",BOX-21956
76,SN-84878028,BE:CB:B8:14:FA:0D,176,"2023-04-13 13:55:27","2021-08-17 12:41:16",BOX-47961
77,SN-44717463,02:9B:F0:7D:BF:FE,177,"2020-12-29 00:22:37","2020-02-02 12:16:15",BOX-36930
78,SN-82369334,40:BE:16:D4:FF:0B,178,"2022-06-22 16:16:48",,BOX-53456
79,SN-98662506,DA:19:96:2C:2B:F5,179,"2021-04-01 00:40:36","2020-01-11 23:51:33",BOX-26427
80,SN-64580805,FE:48:4D:A8:94:63,180,"2022-09-13 01:03:42","2021-02-02 15:31:03",BOX-30559
81,SN-95354717,4F:E0:FE:39:4F:1D,181,"2020-11-08 21:36:19","2023-02-03 17:26:34",BOX-23039
82,SN-91582725,9C:4D:6E:49:CA:6B,182,"2024-01-01 23:51:15","2021-03-21 10:51:50",BOX-96283
83,SN-29387699,7B:7C:64:E4:8C:66,183,"2020-01-26 16:10:10","2022-11-07 19:37:40",BOX-15377
84,SN-30807274,58:17:E8:E8:D9:BF,184,"2020-04-19 00:56:29",,BOX-19367
85,SN-91441944,5C:B6:84:F4:52:DC,185,"2020-05-22 07:03:47","2023-04-17 10:38:25",BOX-99604
86,SN-14455581,D5:FE:B3:E2:13:04,186,"2023-04-06 08:06:40","2022-02-21 10:45:35",BOX-78867
87,SN-57645966,D3:37:96:75:B7:2F,187,"2022-05-31 19:27:41","2022-01-06 20:52:10",BOX-75438
88,SN-94805500,DB:27:B7:B7:D7:C5,188,"2022-01-06 12:31:08","2020-08-24 10:34:25",BOX-09175
89,SN-52593723,01:C0:C8:69:F9:61,189,"2022-07-30 02:07:02",,BOX-64644
90,SN-87272248,E0:C5:8D:D7:AB:73,190,"2021-12-16 15:30:29","2022-07-22 01:45:49",BOX-74855
91,SN-52199058,DF:20:E1:0D:DC:98,191,"2022-05-17 02:36:08",,BOX-74020
92,SN-04632878,E9:17:11:1C:E0:2F,192,"2022-03-21 03:48:34","2022-09-09 03:10:30",BOX-76641
93,SN-07678934,22:35:D6:89:B3:68,193,"2022-02-28 11:30:19",,BOX-67848
94,SN-75437055,1A:A5:78:51:B8:3E,194,"2020-06-16 10:30:04",,BOX-26787
95,SN-24560115,15:15:83:92:5E:95,195,"2023-02-20 21:55:12",,BOX-15732
96,SN-41524014,2B:00:80:A4:30:51,196,"2021-10-09 01:02:37","2021-09-21 00:11:08",BOX-73067
97,SN-27444648,AE:3C:39:D1:18:D3,197,"2022-10-04 22:35:56",,BOX-34755
98,SN-10411787,BE:69:3F:CE:90:CA,198,"2021-03-31 04:00:10","2022-09-30 02:54:06",BOX-23317
99,SN-20257458,86:9C:E3:EC:2D:38,199,"2020-07-31 20:19:51","2022-03-09 18:12:32",BOX-14624
100,SN-88923630,E4:5B:C3:F2:C4:02,200,"2023-02-05 17:09:18",,BOX-56323
101,SN-86638233,51:18:D6:82:89:56,201,"2021-09-01 01:25:16",,BOX-59606
102,SN-46286071,F6:29:D5:03:59:25,202,"2022-11-04 04:11:42",,BOX-64980
103,SN-17909672,70:2F:26:80:DA:4E,203,"2024-04-21 17:57:53",,BOX-02626
104,SN-91149353,A1:A9:63:2F:2E:C8,204,"2023-06-24 01:29:20",,BOX-99057
105,SN-03042610,66:B8:E2:5C:6E:C8,205,"2020-12-01 13:46:14",,BOX-66871
106,SN-69070935,2D:9E:3C:14:89:34,206,"2020-07-14 02:19:53","2020-07-14 08:36:32",BOX-12829
107,SN-18346012,9B:6F:6E:56:E3:19,207,"2024-05-19 20:03:07","2022-09-18 02:37:57",BOX-36872
108,SN-78891609,00:AC:47:8A:79:99,208,"2022-07-19 00:56:38","2024-04-18 14:59:38",BOX-93582
109,SN-75540105,C2:79:B7:09:A9:A1,209,"2021-08-22 20:45:20","2022-07-13 01:44:15",BOX-80422
110,SN-28304051,30:3A:26:19:E3:FF,210,"2021-11-02 20:19:25",,BOX-64383
111,SN-12667716,E8:19:F4:83:A5:2A,211,"2022-01-26 04:46:08","2023-02-04 15:57:17",BOX-02585
112,SN-37861201,66:DA:F6:07:34:23,212,"2024-02-01 02:01:54","2023-11-05 00:24:24",BOX-25420
113,SN-61755817,48:E5:66:BC:0A:0F,213,"2020-12-22 15:34:37",,BOX-54490
114,SN-20642536,03:72:3F:BD:08:AF,214,"2021-08-08 12:38:52",,BOX-20602
115,SN-46966291,49:C0:EC:CC:FE:4C,215,"2021-06-02 16:15:04","2023-11-11 05:30:24",BOX-42748
116,SN-48335343,C9:25:16:63:51:83,216,"2024-01-09 22:57:20",,BOX-50637
117,SN-89107972,CB:D1:57:47:57:88,217,"2023-01-05 06:34:30","2021-11-11 01:19:45",BOX-86662
118,SN-85420056,76:16:D8:55:AB:17,218,"2022-10-27 13:44:44",,BOX-33909
119,SN-69484004,60:FD:C8:7A:66:B7,219,"2021-05-08 02:20:53","2020-12-05 14:44:31",BOX-70850
120,SN-30160689,0A:F1:CA:25:2E:72,220,"2021-01-14 15:22:12","2024-05-15 01:10:52",BOX-25907
121,SN-99973000,5D:D4:8B:A3:BA:C7,221,"2021-01-14 06:16:05","2024-04-08 01:21:13",BOX-25792
122,SN-77433672,00:7F:A5:D0:9E:35,222,"2020-06-15 10:43:32","2021-03-31 01:55:46",BOX-10964
123,SN-87585000,45:0B:DB:FB:21:01,223,"2021-06-23 05:22:46","2023-12-24 04:01:25",BOX-58937
124,SN-90194211,E5:3F:F4:3E:19:DA,224,"2023-11-17 15:46:02",,BOX-15902
125,SN-48091724,0A:FA:4F:9E:57:16,225,"2022-12-16 19:26:28",,BOX-00162
126,SN-73873904,61:F1:C4:DC:FB:36,226,"2023-11-13 18:40:56","2022-01-12 07:28:24",BOX-75596
127,SN-84049023,BD:57:71:82:23:8E,227,"2023-11-10 15:12:43","2023-09-04 10:34:56",BOX-96419
128,SN-03396237,1A:60:CA:77:BC:80,228,"2020-08-21 11:11:18",,BOX-11950
129,SN-69241038,56:E7:5D:8A:06:85,229,"2021-11-07 22:42:37","2021-10-09 03:10:11",BOX-41336
130,SN-76675274,45:B0:22:5A:EF:F0,230,"2020-09-24 00:21:50","2023-10-08 00:23:21",BOX-86009
131,SN-79318023,24:AE:C3:36:77:60,231,"2022-04-22 08:57:49",,BOX-81552
132,SN-33911922,56:37:F6:BE:C6:0F,232,"2022-05-21 06:42:14","2021-07-17 11:36:08",BOX-24023
133,SN-94893388,DE:37:44:94:F4:C9,233,"2022-09-24 11:20:23",,BOX-16634
134,SN-93418376,40:06:34:62:9E:08,234,"2020-03-21 04:40:30",,BOX-79961
135,SN-76079602,D1:DD:AA:24:97:81,235,"2024-03-28 23:39:27","2021-07-20 11:39:37",BOX-16695
136,SN-36664163,D1:77:AB:43:F7:84,236,"2022-08-24 02:48:55",,BOX-82320
137,SN-03774290,81:AC:81:82:2E:DD,237,"2024-01-19 11:25:55","2020-12-30 03:44:05",BOX-73593
138,SN-49291388,83:1F:F1:05:87:89,238,"2023-01-12 10:20:34",,BOX-50812
139,SN-53048109,20:04:34:32:3C:59,239,"2021-09-24 06:53:42","2024-03-08 02:08:52",BOX-13759
140,SN-76041108,3A:C7:42:6C:82:84,240,"2022-02-26 21:58:07",,BOX-59102
141,SN-57856545,EF:AB:DF:70:D0:3C,241,"2020-11-12 07:58:39",,BOX-55953
142,SN-17873561,24:02:21:55:06:1B,242,"2021-02-02 17:48:44",,BOX-32975
143,SN-55225174,C7:6F:74:B8:D5:D8,243,"2021-05-26 05:57:35",,BOX-35446
144,SN-05783471,25:4E:5A:71:57:69,244,"2020-02-09 19:51:51","2023-02-10 14:50:43",BOX-48489
145,SN-73901635,ED:55:47:20:ED:B8,245,"2020-03-19 06:29:14",,BOX-33446
146,SN-80837489,31:34:E3:50:D0:47,246,"2020-04-30 16:08:13",,BOX-44611
147,SN-48277213,57:35:D2:4B:40:11,247,"2024-06-05 14:48:22",,BOX-60143
148,SN-63150428,BE:F4:23:F2:61:74,248,"2020-09-18 21:39:54","2021-10-02 20:05:05",BOX-37949
149,SN-18405421,03:A8:13:10:94:4E,249,"2020-04-23 00:04:00",,BOX-90153
150,SN-57991168,7C:05:36:3A:06:AB,250,"2020-02-29 14:36:14",,BOX-65097
151,SN-67878325,77:D0:EB:74:8A:5C,251,"2021-01-25 21:25:20","2022-05-18 06:34:04",BOX-33374
152,SN-53358924,E4:58:D0:10:91:37,252,"2022-02-11 23:40:02","2023-03-19 10:09:03",BOX-25842
153,SN-72178599,B6:2A:CA:88:3B:D4,253,"2021-08-31 14:30:40",,BOX-97105
154,SN-39841574,DF:EC:28:91:BA:CA,254,"2024-02-27 00:35:46","2023-08-17 15:08:20",BOX-18287
155,SN-94421171,C0:6F:93:B8:79:62,255,"2020-08-20 05:32:57","2021-04-30 07:44:30",BOX-35126
156,SN-29824734,69:4E:9D:AF:4F:A5,256,"2022-04-14 15:56:45","2020-01-13 02:35:06",BOX-94573
157,SN-69350069,4E:7B:DC:62:3E:DE,257,"2024-02-20 13:42:07",,BOX-27714
158,SN-81283301,E4:94:4F:2D:47:D1,258,"2020-02-14 07:29:33","2024-03-16 22:17:43",BOX-08054
159,SN-25919363,1F:1F:3C:6C:04:13,259,"2022-01-15 09:28:59","2023-02-23 13:08:02",BOX-94627
160,SN-33032436,29:44:88:24:7F:F0,260,"2020-10-02 07:16:34",,BOX-92798
161,SN-88269789,59:0A:6E:65:64:B6,261,"2021-05-26 08:47:08",,BOX-53714
162,SN-62462978,4F:D3:01:A9:10:39,262,"2021-02-06 17:46:33",,BOX-01467
163,SN-14303956,02:20:C9:5C:77:42,263,"2023-04-27 22:54:52","2024-04-03 13:16:04",BOX-36804
164,SN-97286059,64:F1:FA:C1:24:DC,264,"2022-09-08 05:23:56",,BOX-02352
165,SN-39956450,DF:97:0A:87:C3:0E,265,"2022-03-24 18:54:54",,BOX-23529
166,SN-20772586,BB:2C:4B:AC:12:1D,266,"2023-10-06 02:41:41","2022-10-03 00:51:10",BOX-45500
167,SN-63356649,D7:12:F0:E6:31:39,267,"2022-09-22 11:44:03",,BOX-75019
168,SN-70387509,23:6E:C9:27:FC:FD,268,"2024-05-16 02:26:23",,BOX-50084
169,SN-73978774,8F:3E:65:C5:0C:2C,269,"2024-05-02 21:09:11",,BOX-08443
170,SN-73149482,07:13:40:43:36:98,270,"2021-02-11 13:53:56","2020-05-22 11:08:34",BOX-86759
171,SN-24744261,88:48:42:1C:7F:1D,271,"2023-10-26 14:19:34",,BOX-15181
172,SN-51466891,47:C8:8A:D3:6F:29,272,"2020-03-26 13:24:00","2021-07-17 16:17:22",BOX-06048
173,SN-59182495,F2:3A:8B:0A:E2:1E,273,"2022-04-30 03:45:35","2023-10-30 11:22:39",BOX-75120
174,SN-61418774,C9:62:E8:85:6C:DC,274,"2020-12-25 23:21:55","2023-07-31 09:57:13",BOX-81736
175,SN-09708724,53:E0:3E:7C:77:36,275,"2021-06-09 18:57:07","2021-06-07 02:18:48",BOX-72614
176,SN-84273058,EC:EC:25:31:36:D4,276,"2023-01-20 22:36:48",,BOX-88626
177,SN-90065971,15:F4:DD:B2:4B:3A,277,"2020-12-29 15:32:34",,BOX-40374
178,SN-12159376,18:40:6F:A3:95:6E,278,"2021-05-14 16:54:15",,BOX-78196
179,SN-49649923,ED:D0:B6:F0:E9:92,279,"2020-07-22 08:03:29","2024-05-24 04:02:47",BOX-66883
180,SN-85305512,41:DB:12:0D:30:2E,280,"2021-12-23 07:47:42","2022-08-05 03:48:20",BOX-40524
181,SN-51728350,EB:71:D6:1B:50:6D,281,"2024-01-25 05:53:52",,BOX-72218
182,SN-39971179,EE:2D:B3:FE:01:CB,282,"2023-05-30 23:54:47",,BOX-67291
183,SN-10850868,2B:C9:B0:B9:4C:A7,283,"2022-05-07 14:00:20","2020-03-15 16:19:08",BOX-66310
184,SN-64720186,39:8C:E1:0B:6E:7F,284,"2021-04-10 17:02:50","2021-09-15 20:30:30",BOX-92626
185,SN-95164273,49:59:B2:30:09:91,285,"2020-08-03 20:17:56","2021-02-15 20:16:58",BOX-12655
186,SN-43963155,A3:25:F2:06:33:EE,286,"2020-02-06 07:40:56",,BOX-68840
187,SN-66040521,F9:81:6C:F1:08:FD,287,"2022-11-29 09:45:52","2020-08-28 13:10:38",BOX-94815
188,SN-73331756,63:0A:0B:EE:19:A3,288,"2020-02-29 12:29:23","2023-07-29 20:39:47",BOX-76455
189,SN-57536134,DC:68:E8:2B:85:A4,289,"2020-02-06 22:59:01","2022-06-27 10:00:11",BOX-89991
190,SN-98927812,FF:09:41:4E:B2:5D,290,"2023-06-29 04:17:04","2021-01-29 07:52:00",BOX-64989
191,SN-31270884,CA:FC:9B:35:21:E4,291,"2020-05-03 18:49:52",,BOX-20699
192,SN-70691784,33:EE:7C:AE:9C:96,292,"2023-06-29 02:06:55",,BOX-05795
193,SN-75936701,01:75:C4:A7:67:9B,293,"2021-09-04 00:28:36",,BOX-32909
194,SN-06586882,DC:2B:8A:AE:89:3B,294,"2022-05-08 11:52:31",,BOX-40580
195,SN-80799268,74:77:88:33:5C:2D,295,"2022-06-01 00:26:27","2023-10-06 06:31:09",BOX-90954
196,SN-73490872,45:8B:9E:D2:B0:BE,296,"2020-05-20 09:10:10",,BOX-70603
197,SN-13516858,6B:EF:7A:B2:A5:54,297,"2021-03-23 18:33:33","2023-12-18 23:35:45",BOX-40795
198,SN-70303946,DD:9D:3F:2A:73:EB,298,"2021-07-28 22:51:20","2023-05-18 04:53:28",BOX-53102
199,SN-76798447,9F:AF:E7:63:A8:4A,299,"2021-02-28 19:03:44",,BOX-46393
200,SN-20181186,E9:8D:81:69:F1:2C,300,"2020-02-20 02:43:46",,BOX-97261
201,SN-05451367,2B:CF:7E:AB:07:3D,301,"2021-07-23 15:51:44",,BOX-19866
202,SN-95644955,06:93:DF:AD:55:33,302,"2020-09-25 21:33:50","2020-03-03 15:13:28",BOX-55307
203,SN-55362712,C6:56:CF:E5:78:A0,303,"2023-08-04 13:26:29","2023-10-25 04:33:23",BOX-22197
204,SN-87054646,58:D2:7F:DE:F1:47,304,"2021-05-28 20:51:32","2021-10-24 07:49:40",BOX-42770
205,SN-44605397,C1:1B:EF:86:A4:6B,305,"2023-01-23 20:35:56","2021-01-25 22:48:21",BOX-33172
206,SN-09452897,9E:DB:7F:DC:67:A1,306,"2020-08-29 03:53:17",,BOX-23059
207,SN-58139588,E8:E5:50:CA:C5:4C,307,"2023-09-12 21:07:11","2022-10-23 20:14:57",BOX-50419
208,SN-25101420,5A:D0:32:84:95:92,308,"2022-07-30 06:07:37","2022-07-31 12:53:21",BOX-83329
209,SN-76877257,BF:A5:8D:54:3C:4B,309,"2021-08-20 12:26:54",,BOX-39304
210,SN-62272440,33:B6:2B:22:55:8D,310,"2020-12-09 00:18:33",,BOX-42769
211,SN-29803646,E1:25:4B:DB:0C:40,311,"2020-05-21 05:48:43","2021-12-23 03:05:24",BOX-44238
212,SN-84071352,21:8B:5C:13:DA:FA,312,"2023-05-14 02:39:30",,BOX-56736
213,SN-18133957,C5:F8:9A:95:BB:6B,313,"2023-03-07 06:16:54",,BOX-26488
214,SN-41430133,62:DA:FA:8F:12:D3,314,"2023-05-02 16:15:02",,BOX-41045
215,SN-30050420,7F:AC:45:44:95:6B,315,"2020-05-17 15:05:40",,BOX-10237
216,SN-43441194,50:70:A7:53:C1:F4,316,"2023-11-08 07:13:44","2023-11-24 09:39:36",BOX-68130
217,SN-09378883,56:07:86:CB:74:FF,317,"2023-10-09 04:16:02","2020-07-12 00:45:45",BOX-50709
218,SN-77444059,A0:92:F0:11:7B:70,318,"2022-01-31 00:55:35",,BOX-29909
219,SN-89950675,60:92:C6:F8:26:84,319,"2023-04-04 19:58:31","2022-09-30 14:26:12",BOX-23908
220,SN-47216010,0C:E9:03:83:05:F1,320,"2022-01-10 17:39:32",,BOX-63881
221,SN-21956529,83:88:4E:0B:56:02,321,"2020-11-20 16:51:58","2023-04-05 23:50:16",BOX-03253
222,SN-27164651,21:6E:AF:5C:38:BB,322,"2020-06-06 06:29:20","2021-01-11 11:22:32",BOX-50992
223,SN-90416627,42:04:32:9B:FD:09,323,"2023-06-07 02:43:32","2024-01-29 13:00:49",BOX-24214
224,SN-96310553,79:40:9D:EC:EE:43,324,"2024-02-11 00:43:54",,BOX-84876
225,SN-37789687,30:CB:4A:10:74:8E,325,"2022-05-30 23:04:39","2023-06-19 09:03:26",BOX-90132
226,SN-34964879,38:9E:8B:CC:14:1A,326,"2024-04-20 16:30:19",,BOX-39443
227,SN-86335594,A6:45:E9:21:C6:9B,327,"2024-03-14 22:29:40",,BOX-04391
228,SN-98190936,55:51:A6:88:91:C3,328,"2020-10-15 15:51:41",,BOX-58863
229,SN-09564414,A2:D6:B0:21:86:F4,329,"2020-09-30 17:38:03","2021-10-24 12:23:21",BOX-79754
230,SN-03755039,AF:B9:7F:0D:88:EC,330,"2020-07-27 13:38:09",,BOX-60001
231,SN-96398498,18:C0:31:B4:F9:EB,331,"2023-02-04 16:32:31",,BOX-58076
232,SN-43470667,61:7B:10:05:C7:7D,332,"2024-02-05 23:57:04",,BOX-92605
233,SN-87175981,E3:68:8F:41:A4:86,333,"2020-06-05 22:59:08","2020-03-28 00:07:25",BOX-16713
234,SN-68407070,97:94:9A:85:B9:0E,334,"2020-06-17 10:10:55","2020-02-10 02:57:14",BOX-59364
235,SN-78563187,14:90:A2:9D:B3:28,335,"2020-10-16 00:52:07","2020-11-03 18:51:22",BOX-38167
236,SN-62810352,65:26:97:91:46:E0,336,"2021-11-28 08:06:33",,BOX-32234
237,SN-43466282,E7:DA:52:2A:BF:F7,337,"2023-04-20 21:48:01",,BOX-76353
238,SN-57404288,31:4D:23:BB:D7:3B,338,"2024-01-17 14:45:25",,BOX-31473
239,SN-17054304,A9:FA:6E:32:BC:4B,339,"2022-09-08 09:31:35",,BOX-38133
240,SN-08032429,6D:F8:50:7F:02:AE,340,"2023-11-04 17:34:01","2020-10-18 01:08:24",BOX-01426
241,SN-90332366,01:D0:52:E0:17:69,341,"2023-04-04 15:59:39","2022-01-27 20:19:39",BOX-09172
242,SN-63522012,9F:F8:90:69:27:76,342,"2021-08-30 17:43:58",,BOX-07352
243,SN-59453427,59:91:F8:14:42:79,343,"2020-06-16 10:10:34","2022-10-24 11:30:27",BOX-12081
244,SN-36865056,9B:39:2B:EB:55:47,344,"2022-10-08 02:04:55","2023-01-23 16:31:11",BOX-29333
245,SN-59722268,D6:1B:F4:D1:D1:FF,345,"2024-05-11 17:00:53",,BOX-15508
246,SN-73390097,DB:DB:24:00:87:73,346,"2024-02-09 05:08:13",,BOX-86638
247,SN-23079325,D3:2F:E2:74:CC:04,347,"2024-05-13 07:42:29","2020-05-14 21:54:42",BOX-86037
248,SN-47023877,CF:B1:3C:15:64:4A,348,"2023-08-01 21:09:10",,BOX-28120
249,SN-26859972,AE:55:79:2D:81:18,349,"2023-05-12 15:58:11","2021-03-20 21:52:43",BOX-81886
250,SN-64773178,70:1C:E7:19:7F:B3,350,"2021-09-12 08:13:10","2022-12-13 00:08:59",BOX-73828
251,SN-17968799,7B:73:9E:F5:7C:17,351,"2024-02-15 06:57:05","2022-06-19 06:18:42",BOX-51984
252,SN-50974329,A6:09:8F:7F:0B:BD,352,"2023-09-03 12:25:49","2020-05-31 06:14:34",BOX-76007
253,SN-37216674,60:A1:93:7D:5E:CB,353,"2020-07-02 22:54:30",,BOX-53235
254,SN-25568554,18:85:AC:F0:44:83,354,"2020-06-06 22:05:44",,BOX-55216
255,SN-20567964,80:BE:10:EF:29:AD,355,"2023-08-17 09:05:55",,BOX-07550
256,SN-59446414,D1:B2:18:88:8F:16,356,"2023-10-28 19:00:06",,BOX-61350
257,SN-76180080,75:55:60:C1:C9:8B,357,"2024-03-20 06:38:33","2023-11-30 11:16:27",BOX-13206
258,SN-80091737,A6:50:D9:F3:51:9C,358,"2024-05-30 12:27:45",,BOX-62764
259,SN-15883189,2B:72:07:69:C7:E2,359,"2021-09-16 20:18:35",,BOX-55886
260,SN-15219249,83:35:B8:57:4D:29,360,"2024-03-31 19:47:00",,BOX-82991
261,SN-33013394,55:60:32:E8:58:4E,361,"2022-01-30 22:32:07",,BOX-94390
262,SN-88867542,BF:93:72:80:4F:48,362,"2021-07-19 22:57:54","2021-06-16 10:51:54",BOX-48015
263,SN-49054385,61:7C:83:BE:AE:AB,363,"2023-07-11 15:13:53","2024-02-25 18:07:17",BOX-84722
264,SN-58727090,BE:29:88:37:D3:80,364,"2023-05-29 05:00:34",,BOX-82907
265,SN-87307541,6F:A9:0B:52:4E:5B,365,"2022-11-30 18:08:51",,BOX-96842
266,SN-93331197,9E:1C:AE:C2:B9:08,366,"2024-04-06 19:29:56","2020-07-25 11:39:05",BOX-99584
267,SN-41000561,CE:2D:94:F1:3E:12,367,"2023-07-17 16:46:20",,BOX-54326
268,SN-10058346,54:C7:48:27:89:DD,368,"2020-04-21 13:06:33","2020-09-19 11:25:05",BOX-35948
269,SN-68665166,81:7F:28:43:43:07,369,"2024-02-18 21:33:46",,BOX-21807
270,SN-28501873,DC:9F:D2:BD:D2:85,370,"2022-09-24 14:05:01","2021-09-08 18:28:20",BOX-28483
271,SN-47197684,DA:8A:B1:DB:8D:72,371,"2023-11-21 10:36:12","2024-05-10 22:36:07",BOX-99136
272,SN-90095878,5F:07:B4:68:EE:BE,372,"2022-02-22 23:37:24",,BOX-89433
273,SN-84278106,83:3A:04:96:35:5C,373,"2021-04-22 22:32:15",,BOX-92930
274,SN-77662597,95:BB:03:BB:FA:9E,374,"2023-05-12 11:15:55","2021-12-21 07:10:25",BOX-89307
275,SN-68300474,06:7E:3E:EC:93:C0,375,"2022-10-07 12:26:39","2021-11-16 20:34:13",BOX-28129
276,SN-16979559,F2:E5:24:9A:6D:CF,376,"2024-01-04 07:33:08",,BOX-09904
277,SN-42346160,7A:D9:7F:DD:B8:FC,377,"2021-12-03 20:58:31",,BOX-36402
278,SN-08288564,33:66:11:20:96:AE,378,"2022-06-15 02:57:52","2023-08-17 14:46:22",BOX-84318
279,SN-53006711,8F:54:0B:66:B4:9D,379,"2020-09-22 20:23:38","2024-02-28 07:49:48",BOX-25922
280,SN-66860555,29:1E:D0:91:36:75,380,"2021-08-06 11:00:29",,BOX-31388
281,SN-60137477,D0:AC:34:00:FB:99,381,"2020-10-18 13:19:47","2024-01-27 02:11:46",BOX-27312
282,SN-67197845,50:90:82:D7:08:69,382,"2021-11-05 13:00:18",,BOX-21878
283,SN-22122063,12:1E:1E:A8:64:14,383,"2022-03-17 21:24:34",,BOX-85708
284,SN-53460462,80:3B:E2:4F:43:78,384,"2022-10-03 14:30:17","2022-02-19 18:18:40",BOX-95457
285,SN-29800809,B6:C8:A1:C5:E9:0B,385,"2023-08-03 21:09:16",,BOX-37109
286,SN-66591933,B0:D0:D7:3E:81:C1,386,"2023-03-25 05:03:39","2021-01-10 23:37:47",BOX-14454
287,SN-73746297,69:2C:6C:2C:41:38,387,"2021-01-25 13:24:17",,BOX-52020
288,SN-34942807,A8:16:56:68:23:00,388,"2020-03-19 01:52:07","2023-09-02 04:40:22",BOX-39032
289,SN-81166220,07:AE:89:6E:17:F6,389,"2022-09-13 19:42:34",,BOX-90776
290,SN-92989104,77:FD:84:81:0E:09,390,"2020-06-05 08:48:54","2020-08-14 08:28:25",BOX-63480
291,SN-20194070,77:3F:2E:E5:FE:86,391,"2022-08-01 08:53:19",,BOX-45631
292,SN-46303453,25:74:EA:4F:D7:CB,392,"2020-08-24 20:55:10","2021-04-15 03:38:38",BOX-94191
293,SN-65758833,6B:A5:51:97:6C:22,393,"2022-04-03 14:46:15",,BOX-51605
294,SN-60573111,C6:8D:E2:B1:90:DE,394,"2021-09-12 08:33:19",,BOX-15896
295,SN-28048211,96:4E:92:EF:08:5F,395,"2024-01-04 17:27:29",,BOX-03585
296,SN-71063427,12:E4:47:5B:4D:1D,396,"2022-10-07 19:14:35",,BOX-96221
297,SN-92505205,93:6A:E6:5E:2B:03,397,"2020-09-08 03:58:25",,BOX-20776
298,SN-19706275,59:F0:E2:5B:EB:DF,398,"2021-10-06 11:57:41",,BOX-56341
299,SN-70379792,33:02:5C:CD:E5:90,399,"2023-09-26 17:50:38","2022-07-09 11:57:09",BOX-61002
300,SN-51179889,E4:FB:D9:D7:3E:EF,400,"2022-08-19 16:17:12",,BOX-49133
301,SN-46440255,D1:FE:C1:27:5C:77,401,"2020-10-18 10:53:48","2023-04-29 09:19:35",BOX-00582
302,SN-08211956,73:EA:EE:43:01:24,402,"2021-03-03 07:44:27","2022-11-22 18:30:41",BOX-50444
303,SN-70805993,17:8F:7D:31:EE:42,403,"2024-01-12 19:53:36",,BOX-08442
304,SN-79997401,23:B8:AA:F8:15:C3,404,"2023-11-18 20:23:16",,BOX-36820
305,SN-48573994,07:4B:CE:60:75:7A,405,"2022-02-10 13:09:39","2023-11-17 09:11:22",BOX-00962
306,SN-44234915,7B:35:B0:3D:AF:58,406,"2023-03-28 05:15:20","2022-10-10 11:56:59",BOX-75718
307,SN-96991259,1C:DD:42:B5:F9:0E,407,"2020-07-20 18:04:50","2021-05-11 19:53:18",BOX-52889
308,SN-92529047,E6:06:EC:CA:8D:7C,408,"2021-09-05 01:36:37",,BOX-32622
309,SN-61412985,DC:A0:5E:49:EA:DE,409,"2024-06-12 14:43:49",,BOX-12679
310,SN-26751686,CD:54:D1:73:E6:7D,410,"2024-01-21 00:02:11","2024-01-05 22:14:45",BOX-72524
311,SN-76005907,E6:9B:F0:32:F5:21,411,"2024-05-28 14:51:14",,BOX-77133
312,SN-12310949,71:25:9C:13:1F:3A,412,"2023-05-31 11:50:33","2021-04-22 06:26:51",BOX-03143
313,SN-17553614,3A:A9:D0:F5:BA:9E,413,"2022-10-11 20:01:54",,BOX-27830
314,SN-64162958,05:4C:6D:56:D6:70,414,"2023-03-05 23:42:55",,BOX-79798
315,SN-92484871,F3:AB:0F:8D:09:97,415,"2022-03-16 03:10:17",,BOX-20842
316,SN-63159348,2D:88:8F:92:B2:90,416,"2023-07-15 20:13:26",,BOX-59796
317,SN-38160638,1A:F1:79:38:CB:58,417,"2024-01-14 03:22:50",,BOX-02912
318,SN-30637048,36:3B:86:87:BB:BE,418,"2021-01-29 12:57:26","2020-12-10 22:22:55",BOX-57681
319,SN-42650101,C8:4C:C8:37:73:BC,419,"2023-03-06 02:30:22","2021-03-19 19:27:39",BOX-30497
320,SN-66389411,F7:11:DF:61:11:B0,420,"2021-03-28 00:10:29",,BOX-35941
321,SN-09506256,A3:EA:FE:93:99:1C,421,"2021-03-17 19:24:48",,BOX-36430
322,SN-31937618,8C:6F:30:AF:B5:34,422,"2022-11-08 02:35:03",,BOX-79726
323,SN-27993110,6F:B2:9D:B0:A4:48,423,"2021-03-01 03:08:23","2024-05-27 02:29:11",BOX-62496
324,SN-25860363,AD:15:D7:AE:E2:B1,424,"2023-12-14 08:00:25","2020-11-15 05:17:24",BOX-35745
325,SN-17911782,09:FD:3B:B9:23:97,425,"2020-06-14 11:56:45","2020-10-11 04:57:54",BOX-81191
326,SN-89987829,67:66:0B:F2:E3:2F,426,"2024-02-08 01:37:32",,BOX-33717
327,SN-39008702,0D:5E:DA:B1:E2:E1,427,"2023-10-27 12:54:07",,BOX-78730
328,SN-67263417,68:70:C3:59:9E:12,428,"2021-12-11 08:44:48",,BOX-34582
329,SN-01096555,83:7E:3F:9E:28:BE,429,"2023-01-10 12:33:16",,BOX-77684
330,SN-50027890,64:09:7A:82:7A:DE,430,"2022-09-20 17:50:05",,BOX-68701
331,SN-31281234,00:A6:96:47:1E:C1,431,"2022-06-04 02:38:25","2021-08-07 07:58:16",BOX-29874
332,SN-34042730,6E:DF:F6:5E:3F:44,432,"2023-06-08 05:04:10","2022-05-02 07:02:18",BOX-21869
333,SN-26642352,76:89:67:73:31:D7,433,"2020-08-18 19:36:48",,BOX-14152
334,SN-51285476,50:D6:D8:65:95:5F,434,"2022-05-12 21:33:40",,BOX-65005
335,SN-98328367,C2:7F:4B:BC:F1:46,435,"2020-05-03 21:43:38",,BOX-75527
336,SN-71919733,21:24:EC:C6:EF:C2,436,"2023-12-05 23:02:50","2022-09-03 15:28:51",BOX-69171
337,SN-87913112,81:66:B4:81:EB:61,437,"2020-12-13 01:01:50",,BOX-52709
338,SN-10148286,39:69:4C:A3:8D:ED,438,"2023-01-28 16:12:31",,BOX-95203
339,SN-87647552,3A:6D:0A:18:2C:CB,439,"2022-05-18 03:14:58","2020-10-01 09:10:16",BOX-04409
340,SN-12374093,F5:37:3F:60:41:1D,440,"2021-09-26 07:49:59","2022-08-04 05:35:42",BOX-13410
341,SN-12218755,DC:AE:44:C1:9B:58,441,"2021-12-10 13:55:22",,BOX-18767
342,SN-51770269,ED:A7:5A:24:51:54,442,"2022-09-04 23:00:34",,BOX-67660
343,SN-49426993,61:EB:5E:CE:FF:4F,443,"2023-11-25 10:01:09",,BOX-01710
344,SN-60996805,D3:FB:DB:87:CD:18,444,"2023-10-24 03:28:04",,BOX-65312
345,SN-84734932,02:00:4C:E6:A3:0D,445,"2022-02-01 23:41:02","2021-12-09 12:42:13",BOX-31494
346,SN-86412372,11:4F:BE:A1:AD:B4,446,"2021-06-01 20:46:34",,BOX-20577
347,SN-83006357,D7:08:24:D5:8C:56,447,"2020-06-20 11:33:52",,BOX-24392
348,SN-38968626,B8:42:1C:BE:70:5A,448,"2023-08-15 07:24:21",,BOX-63350
349,SN-86759241,C0:3F:8A:59:87:3F,449,"2022-07-10 22:30:58","2023-03-26 13:05:18",BOX-69292
350,SN-36903833,FB:2A:81:52:47:3B,450,"2022-09-15 01:13:25",,BOX-28932
351,SN-80455170,4F:1F:6C:56:C0:1B,451,"2021-03-31 13:45:24","2021-04-30 02:26:35",BOX-80128
352,SN-02175507,2E:AD:9E:B2:CC:40,452,"2022-06-28 16:37:46","2020-10-13 06:54:50",BOX-58623
353,SN-90917612,E8:DF:BB:09:F0:73,453,"2020-07-09 11:07:06",,BOX-88684
354,SN-45301002,7D:43:57:A2:64:34,454,"2020-06-14 08:37:25",,BOX-23509
355,SN-41310542,7B:14:1E:92:25:C4,455,"2024-05-29 19:22:08","2020-01-09 03:28:42",BOX-19921
356,SN-68448794,23:7F:50:AE:27:66,456,"2023-03-15 01:42:52","2020-06-27 06:08:13",BOX-87969
357,SN-60645197,C8:38:45:C1:BA:0D,457,"2021-12-11 03:14:38",,BOX-60886
358,SN-94259593,C8:06:64:0A:FD:4B,458,"2022-10-07 22:26:12","2023-06-07 09:52:49",BOX-62119
359,SN-67482630,3E:38:06:70:C4:BE,459,"2020-07-14 20:38:34","2022-10-20 18:06:22",BOX-76209
360,SN-46700009,B2:BE:90:0C:FE:67,460,"2022-09-22 03:42:10",,BOX-46934
361,SN-56692615,71:7C:3B:29:5B:69,461,"2022-10-26 19:27:56",,BOX-02068
362,SN-07366658,E1:6D:5B:F1:A3:36,462,"2020-04-01 14:07:30","2023-11-06 04:04:49",BOX-05882
363,SN-29090903,0F:6C:34:DA:6F:C0,463,"2021-11-20 03:30:42","2023-03-26 02:12:46",BOX-03189
364,SN-29960094,29:B2:11:96:EA:86,464,"2022-10-06 14:51:22","2024-03-31 07:35:43",BOX-61353
365,SN-30432477,1C:2F:D0:52:0F:0F,465,"2022-02-15 20:07:11",,BOX-90726
366,SN-33142065,EE:63:C1:62:85:B8,466,"2020-05-07 15:22:12",,BOX-10617
367,SN-74442911,A7:AA:DC:37:8C:22,467,"2020-01-21 07:57:58",,BOX-38021
368,SN-34145413,60:38:1C:2F:13:67,468,"2020-01-23 22:40:19","2022-03-26 21:57:36",BOX-73910
369,SN-81783480,2F:C8:D3:3A:7D:9E,469,"2022-08-30 18:25:23","2023-09-03 00:38:45",BOX-48845
370,SN-23707626,22:9C:10:4F:1E:84,470,"2020-02-23 10:45:08","2022-02-16 21:08:40",BOX-90489
371,SN-62384052,93:3C:C1:C6:DE:39,471,"2021-08-09 22:49:25","2021-10-09 01:12:22",BOX-11560
372,SN-07597640,16:9D:C7:F6:0E:85,472,"2022-04-27 13:25:50","2023-02-13 01:43:54",BOX-30303
373,SN-34093833,35:03:00:10:47:F9,473,"2024-05-26 12:17:34","2020-07-05 06:40:36",BOX-60106
374,SN-76796282,8A:D8:08:74:4C:25,474,"2023-01-24 22:35:37",,BOX-52172
375,SN-48475094,A6:C1:E1:6A:29:B0,475,"2024-03-15 10:20:56",,BOX-52391
376,SN-67889704,C3:D2:F5:DE:69:63,476,"2021-03-23 23:02:43","2022-09-17 06:14:04",BOX-74173
377,SN-33093167,44:5D:D1:3A:76:42,477,"2020-03-15 12:00:06","2023-12-12 10:08:04",BOX-22805
378,SN-70855540,32:8D:1E:EA:3E:BF,478,"2021-10-18 10:37:04","2020-06-22 19:14:07",BOX-26233
379,SN-95550096,B2:3E:0C:19:74:21,479,"2023-11-09 07:52:46","2024-03-20 02:09:19",BOX-64107
380,SN-87115979,1E:FD:25:98:40:4A,480,"2022-05-26 04:17:16","2024-04-19 19:21:44",BOX-54101
381,SN-16154536,71:5B:B9:7B:CF:4B,481,"2020-10-07 17:53:06",,BOX-21980
382,SN-53382847,CD:22:80:E5:6D:33,482,"2023-03-14 04:16:05","2020-05-21 04:20:08",BOX-45915
383,SN-09691332,DE:94:E5:1B:3E:A9,483,"2022-06-18 15:46:18","2021-01-15 06:36:41",BOX-63440
384,SN-73125740,59:8E:9A:2C:CE:65,484,"2023-09-12 18:58:34","2024-01-30 18:18:24",BOX-30072
385,SN-79842893,62:50:C1:84:D2:EC,485,"2022-06-06 23:19:20",,BOX-47413
386,SN-84255088,19:BE:3B:6C:1F:CD,486,"2020-01-18 14:24:39","2023-01-29 23:28:08",BOX-37518
387,SN-94850805,39:A3:83:0F:C6:F0,487,"2023-01-28 05:38:37",,BOX-29349
388,SN-52268630,83:1F:5D:91:A1:18,488,"2023-09-10 03:47:20","2021-02-12 23:27:44",BOX-98484
389,SN-49360954,14:43:1A:15:3B:2C,489,"2022-10-31 16:08:38","2022-03-31 09:46:14",BOX-13566
390,SN-21430642,89:D6:14:DA:09:12,490,"2022-07-27 00:29:56",,BOX-16210
391,SN-84946282,E8:26:4C:31:ED:D0,491,"2023-09-23 07:23:59","2020-06-09 07:07:53",BOX-74925
392,SN-34793543,75:02:05:E7:3F:B4,492,"2023-08-20 10:53:10",,BOX-19109
393,SN-69764671,29:65:65:8D:4D:F1,493,"2021-04-23 17:30:12","2020-09-14 07:03:00",BOX-78442
394,SN-04135715,24:B8:4C:BD:73:DE,494,"2022-03-05 19:50:46","2024-02-02 22:11:09",BOX-33457
395,SN-94228737,7C:A6:50:F8:2E:96,495,"2021-05-27 20:49:42",,BOX-25329
396,SN-18179134,3A:A5:47:5B:8F:38,496,"2021-07-31 13:20:04",,BOX-42123
397,SN-57992241,F8:15:F0:BF:39:F7,497,"2020-03-28 15:17:18",,BOX-46192
398,SN-44402826,32:BA:3A:1C:E2:B2,498,"2021-03-21 22:20:18",,BOX-82875
399,SN-17263848,F0:CC:4D:6D:50:7B,499,"2024-01-26 21:40:14","2022-06-02 18:02:10",BOX-42130
400,SN-51786609,42:C3:EB:4C:4D:AA,500,"2022-05-24 21:35:06",,BOX-75550
401,SN-04774705,67:7F:CA:70:AA:13,501,"2022-10-31 11:18:40","2023-05-24 17:27:26",BOX-09241
402,SN-64094970,9F:E4:B9:3D:18:4A,502,"2021-05-14 22:45:38","2023-09-25 14:21:53",BOX-96249
403,SN-38048192,63:9F:3A:6F:9A:54,503,"2020-04-21 01:38:25",,BOX-89589
404,SN-10041827,DB:49:F2:0A:40:36,504,"2021-07-02 15:46:53","2023-03-17 16:45:04",BOX-24110
405,SN-76702336,B9:AC:15:3A:DF:1A,505,"2023-08-02 11:23:50","2020-09-20 06:22:19",BOX-55211
406,SN-88652564,AB:3F:9E:F6:FF:DB,506,"2022-09-16 23:40:48","2021-02-01 21:06:13",BOX-44855
407,SN-31998473,79:7A:4B:E6:AB:29,507,"2021-07-29 07:30:13","2022-08-20 19:16:13",BOX-15855
408,SN-03548834,05:79:41:84:33:C3,508,"2021-06-15 13:40:27","2024-04-04 13:49:33",BOX-40744
409,SN-48045243,1D:D5:D0:D0:E3:7F,509,"2020-04-26 19:40:52",,BOX-81735
410,SN-62252682,CA:E8:8D:5C:69:02,510,"2021-10-06 05:54:17","2022-07-25 13:39:18",BOX-07456
411,SN-33802399,E2:C0:AB:25:86:15,511,"2022-01-18 02:57:14",,BOX-12400
412,SN-56117348,B6:61:25:26:16:24,512,"2020-08-03 23:42:00",,BOX-14789
413,SN-49478918,22:8C:31:FC:79:B5,513,"2020-12-09 19:25:30",,BOX-53368
414,SN-99596056,0A:6C:C9:4F:F6:8E,514,"2021-06-07 12:17:37",,BOX-99736
415,SN-29812380,90:4A:CB:A0:72:89,515,"2021-01-13 10:04:31","2021-08-04 18:04:22",BOX-97748
416,SN-68899265,B9:4F:48:60:3C:E4,516,"2020-06-15 10:02:26","2020-07-04 08:27:37",BOX-42465
417,SN-81094089,39:A8:E2:E6:0A:EB,517,"2024-05-13 11:43:40",,BOX-68850
418,SN-26818599,33:C7:45:81:C5:4D,518,"2022-01-20 13:08:46",,BOX-72086
419,SN-90631201,6F:03:B4:2D:0D:33,519,"2020-05-21 17:26:53","2021-04-09 21:03:22",BOX-16046
420,SN-05507414,56:7C:69:48:0A:D6,520,"2024-06-01 09:02:38","2020-08-14 16:01:33",BOX-48586
421,SN-87598607,E8:B4:E4:80:57:9C,521,"2021-04-16 09:49:07","2020-12-25 17:33:40",BOX-02345
422,SN-37198834,61:E4:E0:09:11:A3,522,"2024-01-04 07:26:35","2023-03-03 02:58:01",BOX-28393
423,SN-37432447,50:26:23:F6:15:98,523,"2024-02-23 11:52:55","2021-10-16 17:08:04",BOX-04236
424,SN-52620710,F8:20:3E:02:D6:7A,524,"2023-02-21 12:29:56",,BOX-16372
425,SN-92163568,A4:E0:C6:60:C0:85,525,"2022-12-12 07:23:28",,BOX-78649
426,SN-59263354,CA:C5:00:2F:28:44,526,"2023-01-09 00:32:42",,BOX-70361
427,SN-35656493,7A:77:2B:E7:50:B5,527,"2020-06-24 17:49:17","2021-04-10 11:18:25",BOX-37164
428,SN-37922011,D3:4B:5D:50:8E:51,528,"2023-09-17 20:55:54",,BOX-85940
429,SN-95159982,4E:14:D5:5D:28:E8,529,"2023-08-11 01:38:53",,BOX-60109
430,SN-07596195,19:91:96:6B:A7:28,530,"2022-03-20 20:40:37",,BOX-01071
431,SN-64870101,43:5C:FB:08:22:C6,531,"2023-03-21 22:37:31",,BOX-76631
432,SN-38222998,B8:43:28:A7:29:C7,532,"2020-12-23 22:38:56",,BOX-68559
433,SN-05652075,B4:DD:DB:D3:1F:E9,533,"2020-12-16 05:43:43",,BOX-29356
434,SN-85127698,C1:B1:50:93:9A:C6,534,"2023-11-12 12:25:17",,BOX-50890
435,SN-20843901,3F:08:08:33:C9:09,535,"2023-09-30 04:02:38",,BOX-20888
436,SN-47251870,F4:BA:BC:85:5B:5D,536,"2021-06-27 14:48:18","2020-08-13 22:09:29",BOX-86182
437,SN-37760526,7C:F1:1F:DF:75:6D,537,"2024-04-09 23:56:07",,BOX-87373
438,SN-98154745,95:D2:C7:68:C8:DA,538,"2020-05-16 10:57:50",,BOX-32598
439,SN-63193209,F3:82:46:60:59:1F,539,"2020-12-14 05:23:30","2021-06-18 18:27:28",BOX-66683
440,SN-30181101,6F:14:BD:D0:8C:29,540,"2023-08-03 23:00:34","2021-12-25 02:20:44",BOX-13131
441,SN-92166869,A9:7F:3D:DF:9B:5D,541,"2024-05-21 09:09:59","2022-11-11 20:08:45",BOX-80583
442,SN-38379431,4F:9E:3A:A3:51:EC,542,"2023-04-16 17:16:29",,BOX-89797
443,SN-29826301,0E:A5:4A:39:35:B6,543,"2022-04-22 20:15:20","2022-05-10 00:34:46",BOX-16900
444,SN-28532902,B9:6E:8C:BA:26:2A,544,"2020-03-07 04:07:16","2020-12-27 00:53:14",BOX-53208
445,SN-11714917,32:11:D9:4A:B9:F6,545,"2022-09-28 08:39:05",,BOX-20350
446,SN-38390722,EF:A6:E3:29:87:27,546,"2021-09-04 00:55:07","2023-04-22 15:28:20",BOX-61992
447,SN-52326773,14:D3:1D:89:4B:C9,547,"2020-11-18 21:55:57","2021-12-30 08:37:37",BOX-08208
448,SN-11289345,83:A1:52:0E:82:B1,548,"2021-05-28 03:55:28",,BOX-09941
449,SN-84969439,15:88:4E:57:59:1A,549,"2022-08-16 18:33:03","2021-03-01 03:24:18",BOX-57122
450,SN-47767473,B7:94:BC:57:18:AB,550,"2022-09-26 18:06:41",,BOX-93342
451,SN-97909046,00:41:2B:37:CB:66,551,"2024-01-01 22:12:38",,BOX-00894
452,SN-99291057,32:2C:B6:64:7E:7F,552,"2022-09-28 21:15:41",,BOX-59232
453,SN-24017882,63:75:03:F3:28:7A,553,"2023-03-19 17:40:47","2022-10-14 12:27:49",BOX-20250
454,SN-17318409,A6:6E:2F:BA:B9:C7,554,"2022-01-22 00:45:33",,BOX-89571
455,SN-27828173,D9:B3:A8:02:99:A7,555,"2024-01-05 09:51:32","2021-12-12 00:24:53",BOX-54320
456,SN-35274426,04:0A:4B:6F:28:75,556,"2021-01-30 08:01:33",,BOX-71030
457,SN-27386317,FF:52:E5:EB:BF:CD,557,"2024-02-13 10:09:47","2021-09-28 16:44:26",BOX-11414
458,SN-91904343,82:99:B1:FE:CD:C5,558,"2020-06-08 01:02:46","2020-04-22 22:21:46",BOX-38186
459,SN-05975080,3F:67:26:41:A3:A4,559,"2021-06-07 19:28:49",,BOX-54898
460,SN-43625864,17:36:10:3C:D8:E0,560,"2023-01-03 23:03:52",,BOX-86800
461,SN-83499310,38:BE:8C:5D:58:9D,561,"2021-08-16 06:39:52","2022-07-23 15:00:15",BOX-18692
462,SN-38585314,14:C8:BE:17:22:DD,562,"2020-07-16 03:24:06",,BOX-38009
463,SN-21043270,E3:FE:E3:03:91:9A,563,"2022-07-15 22:35:41","2022-04-11 07:37:44",BOX-52794
464,SN-11809666,5B:28:33:E8:13:84,564,"2022-07-26 09:22:50","2020-04-25 04:34:06",BOX-67949
465,SN-66456769,63:F5:FC:E2:A9:BF,565,"2021-10-20 22:31:20","2022-12-22 05:12:16",BOX-16521
466,SN-58823984,E6:56:FE:3C:01:21,566,"2020-12-19 05:07:51",,BOX-40595
467,SN-75794727,2C:9B:22:2F:EB:A7,567,"2023-05-22 01:04:04",,BOX-21431
468,SN-14452284,13:78:36:8D:B7:AC,568,"2024-04-28 01:32:59",,BOX-93863
469,SN-63232170,66:21:D7:A6:D1:4B,569,"2023-08-18 03:14:25",,BOX-14958
470,SN-12746188,97:2D:52:31:F3:E5,570,"2021-06-10 23:59:30",,BOX-25453
471,SN-62999167,58:C7:37:79:24:3A,571,"2021-09-24 09:15:58",,BOX-26524
472,SN-77349648,5F:1D:1C:AB:7A:98,572,"2023-06-07 08:48:23","2022-04-03 03:23:26",BOX-35847
473,SN-11574502,1A:88:3D:0D:90:A5,573,"2021-01-12 23:27:49",,BOX-42026
474,SN-55584977,E2:B7:6D:7A:5C:A3,574,"2020-02-03 06:14:25","2020-01-29 21:44:57",BOX-72838
475,SN-86220484,0B:51:63:1F:32:50,575,"2022-10-20 07:02:51",,BOX-41626
476,SN-16549123,71:43:54:CE:C8:B8,576,"2024-05-11 01:10:12","2021-01-05 03:22:41",BOX-42087
477,SN-36848620,7C:ED:DF:33:7D:E4,577,"2022-06-23 07:08:40",,BOX-00016
478,SN-25575450,81:BF:35:49:22:D6,578,"2020-07-19 18:23:42",,BOX-66693
479,SN-83841765,EF:BC:C1:09:74:37,579,"2021-04-17 02:28:01",,BOX-53179
480,SN-42513610,FB:5B:A6:4B:9C:DD,580,"2022-07-21 08:54:37",,BOX-84440
481,SN-28663741,EF:C9:70:5A:CE:4E,581,"2023-10-03 17:39:01",,BOX-22654
482,SN-69504598,5C:56:07:A2:7D:24,582,"2022-12-27 07:16:56",,BOX-11885
483,SN-91280718,9E:E3:0E:91:E1:FA,583,"2022-05-19 08:46:25",,BOX-94327
484,SN-08003123,22:EA:A7:9E:07:2F,584,"2023-04-12 15:22:17",,BOX-48332
485,SN-10822949,07:38:C1:7F:14:5F,585,"2020-05-03 03:23:10",,BOX-80952
486,SN-40600046,30:4D:D7:0F:08:3B,586,"2020-01-12 19:47:53",,BOX-48456
487,SN-49208039,F4:53:EE:6E:9A:A6,587,"2021-05-13 23:44:16","2021-12-14 20:49:52",BOX-13090
488,SN-79504579,A5:D6:CA:49:6B:28,588,"2023-04-25 05:39:52","2020-12-18 15:14:01",BOX-95972
489,SN-88553689,1C:8F:FF:D8:41:D6,589,"2021-07-09 04:20:25",,BOX-81614
490,SN-96958684,E7:EF:13:DF:50:BF,590,"2022-05-17 19:03:10",,BOX-41644
491,SN-75194493,B7:6F:EC:E7:35:B4,591,"2022-06-22 18:03:59",,BOX-91760
492,SN-37270901,50:C7:69:D9:4A:B4,592,"2023-01-26 06:32:24",,BOX-85313
493,SN-75911014,C4:B6:24:4A:FD:4F,593,"2020-07-21 13:44:20",,BOX-01632
494,SN-28086265,E3:92:85:C3:81:42,594,"2021-02-13 15:07:06",,BOX-70962
495,SN-83566790,42:59:D4:62:A8:23,595,"2023-04-18 15:14:04",,BOX-69994
496,SN-85345644,69:82:27:14:F0:FF,596,"2020-07-19 00:07:14","2021-11-04 11:45:15",BOX-63084
497,SN-15772318,C9:FC:D6:05:17:41,597,"2020-09-23 20:34:15",,BOX-54958
498,SN-16983200,93:13:FE:E7:7E:4A,598,"2022-04-19 08:07:51","2021-08-12 16:00:43",BOX-14354
499,SN-29012535,40:4B:90:A2:2F:E4,599,"2024-01-25 20:15:12","2022-02-22 17:50:39",BOX-50405
500,SN-03048915,97:A1:7E:AD:B4:24,600,"2024-01-05 13:13:22","2021-01-08 07:46:19",BOX-56557
501,SN-40243474,B5:1B:C7:A7:15:05,601,"2022-02-18 16:55:09",,BOX-34870
502,SN-66826820,39:4D:17:DD:BA:7E,602,"2023-12-11 05:18:42","2024-02-22 10:11:32",BOX-58808
503,SN-15261348,58:FB:47:43:9A:5E,603,"2023-09-15 15:27:13","2021-02-01 22:48:19",BOX-31321
504,SN-58859983,B8:DD:6D:FA:D5:11,604,"2021-11-11 17:28:23","2021-11-02 17:45:10",BOX-58948
505,SN-60026671,1F:17:73:39:A0:5C,605,"2020-01-01 08:36:28","2021-09-14 12:49:35",BOX-66698
506,SN-73372579,0E:38:5B:6D:86:0A,606,"2021-11-03 05:33:05",,BOX-06822
507,SN-84670907,56:B2:09:ED:46:3E,607,"2023-04-01 10:31:22","2023-02-13 23:30:20",BOX-17687
508,SN-93148163,DF:63:13:DB:08:BC,608,"2023-05-15 07:21:03","2023-10-01 01:34:17",BOX-91566
509,SN-74674476,44:74:91:31:69:43,609,"2022-03-28 21:34:42",,BOX-37810
510,SN-21249394,BD:61:EC:CC:94:18,610,"2023-08-15 05:53:01","2023-05-17 04:51:36",BOX-63988
511,SN-05837775,6C:21:F6:5E:17:34,611,"2020-10-14 13:49:03","2022-01-29 14:04:35",BOX-14751
512,SN-86975602,1C:B6:BC:3A:03:56,612,"2023-10-30 07:50:34","2022-06-24 11:59:34",BOX-78361
513,SN-09605397,A4:7D:AB:64:52:F9,613,"2023-08-13 18:34:10",,BOX-42836
514,SN-55682049,64:76:E9:DC:07:66,614,"2024-03-20 13:21:24","2022-06-19 08:00:12",BOX-94453
515,SN-86880058,B2:9F:8C:46:FD:E3,615,"2023-07-08 06:28:51",,BOX-43165
516,SN-40668092,9E:70:18:C5:02:83,616,"2022-06-04 20:40:33","2021-07-19 09:24:11",BOX-68719
517,SN-62585006,67:5F:11:1C:5D:3F,617,"2023-04-12 13:54:21",,BOX-23540
518,SN-63857094,F8:D8:73:DD:9D:EF,618,"2021-04-02 00:29:00",,BOX-28823
519,SN-40874214,71:1C:7B:54:09:A0,619,"2022-06-15 01:36:47",,BOX-72079
520,SN-88220909,84:C0:2C:36:91:24,620,"2022-10-26 01:48:02","2021-03-11 05:35:47",BOX-35828
521,SN-44943358,5D:70:1D:94:F2:75,621,"2024-06-08 06:54:37","2020-05-24 22:01:46",BOX-81708
522,SN-92495015,BA:4F:DD:BD:C4:87,622,"2023-01-24 11:01:43","2022-08-22 06:43:55",BOX-96893
523,SN-39541443,A4:31:63:A5:A3:C2,623,"2022-10-05 01:21:53",,BOX-18353
524,SN-18261849,F7:AE:EF:53:2A:2D,624,"2024-04-29 06:00:03",,BOX-77969
525,SN-69271635,1D:C9:1D:B9:78:78,625,"2022-06-16 09:15:35","2020-11-23 19:16:34",BOX-33984
526,SN-98590475,6B:E9:AB:77:91:F6,626,"2024-03-24 20:32:08",,BOX-38532
527,SN-29861449,A5:26:6B:4C:FF:3B,627,"2021-06-22 16:53:09",,BOX-81769
528,SN-46080535,89:F2:12:31:C8:33,628,"2022-03-16 16:36:55",,BOX-90253
529,SN-51344049,65:69:E6:70:D9:8A,629,"2023-12-22 06:32:51",,BOX-88838
530,SN-14585605,9B:6F:A3:BC:CD:F9,630,"2021-02-24 07:28:51","2020-08-01 09:58:15",BOX-63049
531,SN-64196423,B3:93:F2:85:70:D8,631,"2023-11-13 06:56:14","2022-07-26 12:54:34",BOX-14446
532,SN-52987533,09:82:5C:8A:35:11,632,"2021-04-06 14:02:51","2024-05-31 16:29:42",BOX-93162
533,SN-26373721,31:29:F9:AB:88:77,633,"2020-07-28 13:21:38","2022-09-03 02:13:31",BOX-39500
534,SN-73487545,31:9D:EA:BD:B2:30,634,"2020-12-03 02:03:12",,BOX-41791
535,SN-79865508,37:1F:6C:F4:07:0B,635,"2020-06-28 16:26:55",,BOX-74288
536,SN-43182223,02:7E:BA:27:C9:E4,636,"2024-03-13 05:04:12","2020-02-18 21:31:39",BOX-17171
537,SN-42606070,70:F0:3C:F3:42:7B,637,"2022-05-16 12:32:28","2020-05-20 04:10:12",BOX-62899
538,SN-87647306,44:49:2D:8D:23:5B,638,"2023-08-13 23:45:37","2020-01-25 17:23:30",BOX-21435
539,SN-70825114,2E:22:BE:62:F0:F8,639,"2021-03-13 23:37:34",,BOX-80958
540,SN-91819897,A1:04:EC:77:F0:06,640,"2020-11-08 17:35:32",,BOX-48756
541,SN-79907576,43:93:20:5D:59:62,641,"2023-07-27 00:30:40","2023-08-09 12:44:43",BOX-13020
542,SN-37632840,5C:71:78:59:B5:5E,642,"2021-07-06 09:14:41",,BOX-19929
543,SN-61357481,E5:71:9A:D4:70:96,643,"2023-03-22 09:43:57","2022-04-04 12:25:54",BOX-77724
544,SN-84068585,37:AD:58:AD:DB:61,644,"2024-03-12 10:15:23",,BOX-67947
545,SN-39400469,38:F8:3F:19:64:E8,645,"2021-03-22 11:56:39","2022-01-17 21:49:09",BOX-68093
546,SN-37093084,19:13:DD:3F:CC:A5,646,"2021-04-02 14:13:30",,BOX-26446
547,SN-40204851,1C:42:19:AD:EA:F0,647,"2020-01-06 02:13:51","2023-02-28 21:35:56",BOX-84999
548,SN-17543524,D4:63:13:83:9D:01,648,"2021-06-25 15:45:45",,BOX-67352
549,SN-52166994,6E:73:A2:0F:B1:98,649,"2023-03-03 10:24:40",,BOX-50139
550,SN-30601077,1C:E2:DD:1D:AB:1C,650,"2023-04-06 11:56:05",,BOX-71159
551,SN-93321711,E1:53:6B:6B:69:1A,651,"2022-12-21 12:12:58",,BOX-04690
552,SN-11006170,6F:78:48:E0:85:89,652,"2020-06-13 20:28:48","2021-03-28 01:30:38",BOX-98216
553,SN-83252790,E7:8B:0D:7F:F0:2A,653,"2020-11-15 16:36:40",,BOX-81614
554,SN-20589991,62:07:EF:C4:3F:7B,654,"2021-04-08 18:17:45",,BOX-01037
555,SN-58319838,02:A3:3D:EC:4A:1D,655,"2024-04-01 00:40:03",,BOX-90662
556,SN-55800990,67:F7:EB:1E:06:7C,656,"2022-02-09 07:45:50",,BOX-31223
557,SN-57742551,4A:5C:DE:54:C8:E9,657,"2022-11-24 22:04:15","2020-11-27 15:55:15",BOX-79631
558,SN-06075987,8C:60:6D:09:F5:1D,658,"2022-04-10 00:46:08","2020-09-19 13:18:29",BOX-06475
559,SN-02447895,8E:06:7A:AE:27:89,659,"2020-02-11 19:21:20",,BOX-24819
560,SN-63600281,CD:B0:B8:D7:3D:DA,660,"2020-03-29 01:07:33","2020-11-15 11:14:28",BOX-08283
561,SN-28730758,8F:4A:2B:56:AD:38,661,"2021-09-11 04:35:58",,BOX-06220
562,SN-54343028,1A:7F:49:28:F8:FC,662,"2021-01-09 00:32:13","2022-08-20 03:08:59",BOX-43703
563,SN-01496947,3B:47:2E:FC:46:CF,663,"2023-05-24 03:39:36","2022-05-03 05:24:40",BOX-10002
564,SN-20821488,63:A3:17:AC:A0:40,664,"2022-11-06 05:39:15",,BOX-11808
565,SN-83693601,7E:33:48:57:53:FD,665,"2021-09-05 13:08:19","2020-04-11 11:00:28",BOX-16398
566,SN-39458592,F3:88:DF:D5:AF:A0,666,"2022-09-23 18:27:23","2022-11-23 08:36:06",BOX-49349
567,SN-01559232,78:24:79:46:E8:39,667,"2020-06-16 02:06:22","2024-03-04 19:10:09",BOX-08262
568,SN-46922496,48:9B:EA:F0:14:4E,668,"2022-02-17 16:18:04",,BOX-33707
569,SN-96962114,3F:08:F9:40:27:86,669,"2021-11-14 11:19:02",,BOX-54580
570,SN-57878862,20:83:D1:CF:57:75,670,"2021-05-10 04:08:49","2022-05-02 15:09:10",BOX-91072
571,SN-37708280,E4:9E:B0:87:B8:D8,671,"2021-07-21 21:19:44","2022-06-11 22:15:47",BOX-26823
572,SN-60050901,C6:6A:3D:9E:12:EE,672,"2023-02-20 09:36:15",,BOX-95495
573,SN-99205153,6A:9F:51:E9:C2:BD,673,"2020-01-21 16:45:48","2022-08-02 10:07:55",BOX-50785
574,SN-07895065,E8:A6:8D:0F:3C:8C,674,"2021-05-25 20:03:44","2020-11-19 04:40:13",BOX-41789
575,SN-45595087,32:7A:5F:11:0A:EA,675,"2023-10-26 02:34:47",,BOX-53391
576,SN-48694926,70:11:A7:85:AD:B0,676,"2023-02-07 03:58:22","2024-02-05 15:08:41",BOX-35811
577,SN-55749179,7E:77:FB:AF:C7:3C,677,"2024-05-12 04:49:43",,BOX-79519
578,SN-87034866,F8:8C:B4:60:D7:C5,678,"2021-11-15 17:39:54",,BOX-77205
579,SN-32419116,46:A9:6F:B1:27:81,679,"2023-09-30 22:06:20","2021-10-16 08:09:55",BOX-97078
580,SN-77358235,BE:E6:B9:B2:84:8E,680,"2020-08-15 04:41:13","2024-02-07 13:13:59",BOX-77097
581,SN-27714592,39:C2:C4:5C:C2:C8,681,"2022-07-07 00:24:02",,BOX-38442
582,SN-98778805,4C:CF:4A:68:52:05,682,"2020-05-15 21:57:02",,BOX-62336
583,SN-27137401,6B:B7:EB:C9:9A:5F,683,"2023-12-19 04:15:30","2022-08-17 05:17:35",BOX-51499
584,SN-20629331,0D:6F:E1:67:D0:EE,684,"2021-04-12 21:55:04","2020-12-05 01:29:40",BOX-08154
585,SN-97579599,FD:4A:5D:97:78:E0,685,"2024-05-17 19:08:00",,BOX-39485
586,SN-23151697,6A:E7:49:5F:3D:96,686,"2023-05-02 14:57:37",,BOX-76789
587,SN-08513799,DF:50:66:93:D8:F6,687,"2022-03-16 15:58:02","2023-06-26 14:51:03",BOX-61497
588,SN-49330330,06:91:54:84:F8:93,688,"2022-09-22 08:17:08","2022-10-29 08:13:12",BOX-00799
589,SN-62943862,AD:D8:93:FB:92:B6,689,"2021-09-06 19:18:07",,BOX-72163
590,SN-97932292,6B:2E:06:78:DA:71,690,"2023-02-02 18:01:17","2021-03-09 22:43:36",BOX-68206
591,SN-74899334,C0:5B:99:A6:1B:DA,691,"2020-03-10 11:10:44",,BOX-32527
592,SN-97971150,11:10:BB:20:7B:19,692,"2021-06-14 20:46:47","2020-12-09 19:44:35",BOX-83032
593,SN-50595424,CF:0B:35:C9:24:AA,693,"2023-07-22 02:47:41","2023-12-31 14:44:05",BOX-99697
594,SN-56205170,55:12:39:0E:5D:CC,694,"2023-05-27 14:06:45","2022-07-16 02:45:05",BOX-27417
595,SN-67148592,1B:C2:0E:6B:0C:ED,695,"2021-10-05 04:41:05",,BOX-66484
596,SN-24158638,3C:F7:9A:1C:87:07,696,"2021-11-16 03:09:19","2024-02-21 16:44:04",BOX-31418
597,SN-04176980,E3:78:B2:83:07:13,697,"2020-10-18 18:24:26",,BOX-29699
598,SN-14750956,BC:63:EA:DD:6C:CA,698,"2022-08-17 22:34:21",,BOX-43223
599,SN-27087562,D4:84:4A:A2:6F:1E,699,"2023-08-11 01:42:51",,BOX-09021
600,SN-19387403,5F:37:CA:8A:DE:DE,700,"2022-05-13 06:58:35","2023-01-22 06:10:52",BOX-22782
601,SN-16588986,E3:33:63:96:2F:49,701,"2024-03-23 09:26:17",,BOX-98363
602,SN-57666097,0D:29:93:2F:CA:15,702,"2022-01-05 16:33:01",,BOX-09671
603,SN-30399488,DE:8A:6B:5E:3C:31,703,"2024-03-08 11:42:11","2022-11-05 12:34:30",BOX-13083
604,SN-66984042,85:56:C1:67:87:AD,704,"2022-05-08 04:22:46",,BOX-68366
605,SN-95175892,AC:A7:4A:58:3F:EF,705,"2020-11-26 20:20:51","2022-12-28 20:15:49",BOX-41358
606,SN-13375187,BD:06:AB:3A:3C:DB,706,"2022-09-18 15:50:30","2022-02-16 00:16:41",BOX-44433
607,SN-61268104,7A:D3:F8:69:79:3F,707,"2023-04-30 10:04:10",,BOX-89941
608,SN-87539953,28:45:CC:66:E1:72,708,"2021-03-08 22:28:49",,BOX-80663
609,SN-96281419,87:11:54:C3:C7:B3,709,"2021-01-09 15:32:35","2023-10-09 02:08:43",BOX-38782
610,SN-85805601,51:17:E4:01:03:84,710,"2023-09-16 08:16:51","2023-10-20 13:10:20",BOX-25228
611,SN-86823928,9F:13:A4:BD:28:4F,711,"2023-10-04 04:32:16","2021-02-20 08:39:16",BOX-73097
612,SN-56520006,38:A2:33:5F:F0:B1,712,"2024-04-03 05:16:03",,BOX-58012
613,SN-29468481,7D:30:32:11:38:FE,713,"2022-11-08 02:08:05",,BOX-30638
614,SN-80962770,C5:67:22:0D:71:88,714,"2023-03-14 00:04:28",,BOX-14275
615,SN-69666559,2D:33:45:81:F7:B8,715,"2023-06-26 05:18:34","2022-08-02 04:42:11",BOX-97370
616,SN-07768721,33:B8:C3:EE:D6:3D,716,"2022-09-26 18:17:03","2020-05-22 04:24:08",BOX-62667
617,SN-69403321,F0:19:92:EA:87:1F,717,"2022-03-21 18:49:19",,BOX-13568
618,SN-11865449,9B:CD:C6:4C:0A:C4,718,"2021-12-23 03:10:25",,BOX-70967
619,SN-74387308,92:1B:53:DD:10:D6,719,"2021-06-30 10:19:21",,BOX-59995
620,SN-45587431,8E:FB:45:A1:2E:7A,720,"2023-04-19 11:33:06",,BOX-78656
621,SN-60681596,78:49:07:78:C9:31,721,"2023-04-02 21:34:49",,BOX-06280
622,SN-70664171,41:33:11:B3:A2:F8,722,"2020-12-24 08:37:33","2024-04-06 10:49:08",BOX-28615
623,SN-02974239,7D:02:4A:2A:D0:84,723,"2020-03-19 03:53:45","2020-01-11 23:00:44",BOX-28646
624,SN-83479801,D8:FA:41:CB:AB:D6,724,"2021-07-05 17:30:02",,BOX-38467
625,SN-64540041,7E:BC:81:A6:9F:6E,725,"2021-07-19 10:03:27",,BOX-22765
626,SN-29403237,61:73:A6:E7:85:89,726,"2022-11-30 07:14:45","2021-01-27 09:30:23",BOX-40268
627,SN-77613984,3D:EF:A6:0A:64:D6,727,"2021-10-31 06:28:39","2020-10-09 15:15:13",BOX-27049
628,SN-78262738,C3:92:8A:F2:3A:FB,728,"2023-04-04 02:21:45","2020-12-11 02:22:17",BOX-79572
629,SN-29334920,B7:0B:6D:63:20:5A,729,"2021-06-24 20:28:38",,BOX-99122
630,SN-32699328,27:CC:63:46:F2:84,730,"2021-11-13 12:32:23",,BOX-72546
631,SN-54974679,20:A5:44:10:15:64,731,"2024-04-24 13:12:00","2022-03-13 09:05:14",BOX-22090
632,SN-20915021,55:AB:18:22:13:75,732,"2020-10-02 22:04:28",,BOX-25744
633,SN-58876784,73:FA:0F:A2:88:7C,733,"2020-01-24 02:24:52","2022-02-28 23:50:13",BOX-12161
634,SN-23191263,D4:11:A0:8E:A7:8E,734,"2022-08-30 05:42:28",,BOX-15170
635,SN-84557424,3C:40:CB:FE:FA:09,735,"2020-02-23 04:02:36","2023-10-12 06:41:38",BOX-87210
636,SN-40050169,94:1C:73:3A:06:78,736,"2020-01-09 07:23:23","2023-02-18 17:47:55",BOX-43560
637,SN-00205720,2B:9E:64:76:6E:A0,737,"2022-08-10 06:25:06","2023-04-18 14:27:06",BOX-20156
638,SN-55966091,57:E6:72:4C:7D:D4,738,"2023-02-02 05:07:37","2023-10-26 17:09:35",BOX-35019
639,SN-41469518,48:F0:B9:39:A1:61,739,"2024-03-03 00:42:57","2023-05-02 11:15:51",BOX-58159
640,SN-11015667,D5:7F:45:8B:02:B6,740,"2023-07-13 21:40:44",,BOX-93800
641,SN-19240784,13:E3:B7:A7:33:58,741,"2021-04-19 14:14:15",,BOX-81473
642,SN-66892905,9C:72:EC:89:D9:C5,742,"2020-09-19 22:06:01","2021-11-01 22:57:42",BOX-63128
643,SN-48989403,D2:49:B5:02:82:8A,743,"2023-05-12 09:57:33",,BOX-97343
644,SN-89463146,AA:3C:61:E3:83:2F,744,"2022-08-13 20:58:42",,BOX-32683
645,SN-51384232,0B:EB:1A:11:24:A2,745,"2021-10-19 05:18:03","2021-06-10 17:42:22",BOX-74419
646,SN-99849523,DE:92:C7:A6:38:D3,746,"2023-05-02 21:55:58","2022-06-25 10:49:59",BOX-81908
647,SN-89986071,E7:33:09:49:A6:8E,747,"2023-04-19 05:36:35",,BOX-40927
648,SN-02596260,E5:6B:0F:37:DA:97,748,"2021-06-16 04:24:25","2022-03-02 01:29:19",BOX-88308
649,SN-14573347,14:08:48:5C:42:BB,749,"2021-06-22 13:31:21","2020-06-14 14:15:36",BOX-41668
650,SN-05466888,AD:9B:D5:B7:FC:1D,750,"2020-03-22 03:33:44","2020-11-22 19:04:33",BOX-16606
651,SN-89668309,AE:39:EC:32:17:2F,751,"2021-04-06 04:08:50",,BOX-07256
652,SN-50528033,D1:2A:8A:E9:2C:37,752,"2020-11-05 18:41:28",,BOX-72865
653,SN-97251291,C4:21:1B:EA:BA:14,753,"2022-09-06 15:00:15","2023-01-20 17:07:29",BOX-87869
654,SN-50709858,16:C5:A5:98:37:25,754,"2024-04-23 18:01:55",,BOX-51343
655,SN-57414711,5E:C7:44:A7:5E:3A,755,"2023-10-21 10:52:18","2021-03-25 14:31:50",BOX-83670
656,SN-65308276,53:B2:B3:30:02:D7,756,"2023-07-29 18:02:49","2022-06-01 12:19:35",BOX-24013
657,SN-18787804,6A:86:C0:B3:46:8C,757,"2023-02-02 17:10:26",,BOX-82376
658,SN-81660995,0F:81:CE:87:0F:50,758,"2022-04-30 03:54:10","2020-08-18 17:10:00",BOX-22943
659,SN-86311513,C2:F8:DD:BC:93:8E,759,"2023-10-14 01:20:08",,BOX-09724
660,SN-89088111,1A:E0:0C:8A:D1:B4,760,"2022-08-04 23:34:46",,BOX-13612
661,SN-93507719,E6:FC:20:3D:E6:D1,761,"2022-05-26 04:57:40","2023-09-04 23:59:12",BOX-13753
662,SN-33379788,3E:D6:F7:AB:37:7E,762,"2023-07-18 11:03:13",,BOX-05416
663,SN-14598413,2F:23:54:A2:9F:02,763,"2020-11-11 01:50:24","2020-09-09 05:35:02",BOX-05455
664,SN-61977675,68:33:E8:BC:F8:91,764,"2024-05-30 10:30:34","2023-09-06 06:11:23",BOX-15806
665,SN-83714973,E6:D6:64:E0:87:44,765,"2021-09-26 06:51:18",,BOX-96820
666,SN-26925698,E8:5C:4B:19:C4:FF,766,"2021-06-07 21:41:29",,BOX-42145
667,SN-00047781,A7:30:DD:AB:FF:B4,767,"2024-05-09 03:27:36",,BOX-43056
668,SN-43872771,F6:EE:E0:9D:21:BD,768,"2021-10-08 07:54:57",,BOX-38390
669,SN-08019863,D6:62:7C:76:77:A0,769,"2024-04-22 16:53:31","2021-04-07 17:54:49",BOX-48325
670,SN-99477956,18:2B:49:99:EF:F6,770,"2023-07-17 03:28:55","2022-08-08 15:17:45",BOX-97849
671,SN-17178108,80:C3:0F:CF:2F:66,771,"2023-08-28 23:19:06",,BOX-59061
672,SN-07972614,88:C5:5F:5E:9F:1B,772,"2022-05-21 20:40:49","2024-01-28 20:29:20",BOX-56137
673,SN-28104575,82:CE:CC:F3:27:29,773,"2020-07-08 16:35:01",,BOX-72836
674,SN-56382069,A4:3D:C2:B5:57:8E,774,"2020-06-02 11:28:39","2021-01-03 14:47:35",BOX-40490
675,SN-59672789,CA:FB:33:E7:5A:66,775,"2024-01-09 07:20:08","2022-02-22 02:29:51",BOX-89432
676,SN-97712057,ED:B1:EA:C6:C4:B2,776,"2022-12-06 15:22:48",,BOX-60216
677,SN-58201891,D1:D6:0F:73:90:C5,777,"2021-12-09 21:59:57",,BOX-89469
678,SN-33334477,FE:63:08:DB:97:A5,778,"2022-10-11 02:56:07","2021-07-06 02:08:19",BOX-32889
679,SN-15364278,CF:45:BF:5D:55:C2,779,"2020-03-06 09:41:38","2021-09-30 15:23:23",BOX-49075
680,SN-09663725,AD:91:55:C9:F6:73,780,"2022-09-24 08:42:11","2022-08-26 00:23:57",BOX-15116
681,SN-35210715,37:F3:DB:50:C5:E5,781,"2021-02-22 16:35:44",,BOX-78980
682,SN-82114313,EE:38:A6:8E:CD:89,782,"2022-07-28 12:31:24",,BOX-92848
683,SN-30285309,54:95:70:BC:AB:52,783,"2021-04-29 13:08:47","2020-01-30 02:17:14",BOX-12221
684,SN-67270444,BC:C2:EF:09:16:E2,784,"2020-06-24 02:07:06","2024-02-13 16:06:20",BOX-03150
685,SN-40476435,89:41:4C:09:20:57,785,"2023-02-21 03:23:15",,BOX-11975
686,SN-93491555,64:22:1E:65:07:4D,786,"2021-09-29 07:54:30","2024-01-21 21:23:30",BOX-05010
687,SN-62172995,5A:7B:80:AD:B1:69,787,"2020-05-07 15:10:27","2023-01-24 16:37:27",BOX-63307
688,SN-48894060,D5:59:49:CC:66:23,788,"2023-01-09 16:13:59",,BOX-52203
689,SN-95614031,65:8E:10:66:49:93,789,"2021-12-04 05:07:04","2022-11-25 17:04:58",BOX-96831
690,SN-66703004,1D:CF:29:73:6B:56,790,"2024-06-02 00:36:58","2023-10-14 21:15:26",BOX-69222
691,SN-10728073,21:B8:AB:94:58:E0,791,"2020-05-10 05:18:38","2024-02-07 04:44:59",BOX-80244
692,SN-49465527,FB:52:83:AD:AE:10,792,"2022-04-29 22:05:49",,BOX-89654
693,SN-37986877,8D:F6:A6:C4:25:C8,793,"2024-05-16 17:46:25",,BOX-00200
694,SN-98363032,DC:7E:2C:59:72:5E,794,"2022-09-19 18:39:03",,BOX-49056
695,SN-03019288,5E:8E:5C:6C:90:6F,795,"2020-01-10 05:06:05",,BOX-85347
696,SN-72315461,AF:0D:93:C6:B6:8B,796,"2024-06-12 11:48:44","2023-12-04 08:35:31",BOX-35043
697,SN-92151231,98:9A:9F:CE:D5:71,797,"2021-01-21 15:39:06","2020-02-03 15:53:45",BOX-74972
698,SN-77974612,CE:18:C9:D9:07:BD,798,"2022-04-09 15:45:00",,BOX-66926
699,SN-10601025,AB:F2:AE:1C:F8:69,799,"2022-01-03 00:44:49","2021-11-20 06:15:14",BOX-40114
700,SN-36106721,B0:2B:69:ED:75:F3,800,"2021-04-04 05:10:30","2022-10-20 07:03:22",BOX-77979
701,SN-09573415,77:3C:56:20:0F:50,801,"2024-01-02 16:29:39",,BOX-47733
702,SN-97282957,37:F9:97:FF:9E:C8,802,"2022-04-25 05:27:27",,BOX-23706
703,SN-41967224,B9:30:CA:7D:D0:D7,803,"2023-06-23 17:37:17",,BOX-02908
704,SN-85147463,07:07:EF:AF:73:72,804,"2022-07-09 14:25:22",,BOX-91347
705,SN-32002429,89:55:A5:CC:CB:B3,805,"2020-11-03 14:40:38","2020-01-20 13:13:59",BOX-52338
706,SN-84262111,BC:40:24:74:21:89,806,"2022-03-14 00:55:51","2023-06-06 06:01:23",BOX-41154
707,SN-75861831,99:47:45:AE:ED:93,807,"2022-03-30 23:44:33",,BOX-94047
708,SN-49145717,18:FF:9C:1F:CE:A6,808,"2023-09-29 07:47:30","2021-03-17 22:13:49",BOX-81145
709,SN-43359540,21:51:11:33:5A:37,809,"2020-02-03 14:49:07","2022-09-17 21:30:03",BOX-49214
710,SN-44191409,92:53:00:09:E3:06,810,"2024-04-20 10:14:53","2022-10-13 03:18:32",BOX-49003
711,SN-51317570,9E:0F:F3:73:5D:EA,811,"2023-07-10 14:37:04",,BOX-34608
712,SN-05610537,32:3B:A1:ED:63:D0,812,"2023-05-02 15:05:23","2022-05-02 06:08:34",BOX-01608
713,SN-33580173,C8:8A:33:34:EB:D9,813,"2020-04-27 01:13:21","2022-11-18 21:33:08",BOX-82699
714,SN-76960830,90:7E:EB:6B:3A:8E,814,"2021-11-26 02:08:23","2020-01-18 19:27:14",BOX-59280
715,SN-49438055,8C:C9:89:33:53:5F,815,"2024-05-28 19:53:50","2023-03-08 08:38:30",BOX-02781
716,SN-03653878,E4:71:15:17:2C:DA,816,"2020-11-11 00:41:33",,BOX-39778
717,SN-29108365,F1:F8:44:59:B0:24,817,"2021-08-08 23:58:05",,BOX-19645
718,SN-78432976,E7:09:2B:BC:01:17,818,"2021-08-09 19:37:25","2023-11-28 05:10:51",BOX-84105
719,SN-79858005,09:92:18:3E:28:BE,819,"2022-05-15 20:02:37",,BOX-71413
720,SN-37808667,67:BF:6C:29:B9:07,820,"2020-08-22 07:14:00","2021-10-08 11:10:38",BOX-04821
721,SN-10972061,09:3C:70:6E:1B:96,821,"2024-04-28 23:04:18",,BOX-61033
722,SN-79851888,60:D8:7E:26:F2:AD,822,"2021-01-04 22:59:32","2024-05-30 04:40:49",BOX-98295
723,SN-70081336,03:6D:6B:2D:FE:9B,823,"2020-04-03 21:46:04",,BOX-86663
724,SN-25910235,9D:C0:FA:36:B2:1F,824,"2022-02-03 20:54:53",,BOX-17841
725,SN-27319747,90:B0:EA:02:4C:B0,825,"2022-10-13 08:29:55","2020-11-26 22:26:16",BOX-45520
726,SN-48796008,DA:D1:07:82:B2:7B,826,"2022-05-23 16:47:45",,BOX-57711
727,SN-16355639,EC:D7:A1:3E:02:26,827,"2021-12-13 17:13:44",,BOX-92635
728,SN-94711240,29:05:D3:1E:07:D4,828,"2022-07-30 02:00:54","2023-07-14 22:29:20",BOX-52458
729,SN-79146278,9D:85:A1:8D:EA:3E,829,"2022-02-21 05:54:49","2020-07-18 17:48:30",BOX-90787
730,SN-96567052,AF:87:62:F9:01:F3,830,"2021-06-27 10:45:23","2021-07-12 20:55:34",BOX-72058
731,SN-40337959,CD:0A:B5:B2:97:F8,831,"2022-04-01 16:15:34",,BOX-36922
732,SN-75130834,8D:A7:6F:0F:C5:D6,832,"2024-05-08 14:15:58",,BOX-83645
733,SN-65613988,E3:87:93:2E:21:BF,833,"2021-07-14 14:33:11","2021-10-26 17:44:53",BOX-87550
734,SN-22702526,42:4C:84:F2:2F:17,834,"2023-01-01 16:54:31",,BOX-11933
735,SN-89884818,8B:EF:75:A1:1C:32,835,"2024-01-12 21:13:09",,BOX-15260
736,SN-82790189,20:20:DB:C6:2A:5E,836,"2023-10-11 06:29:02",,BOX-11720
737,SN-06942250,4C:AD:5F:8F:07:4C,837,"2023-07-29 06:12:04","2021-02-16 16:48:23",BOX-85203
738,SN-63920545,07:3C:8D:27:21:64,838,"2023-08-20 09:37:42",,BOX-98778
739,SN-90939914,C9:98:C1:29:3C:43,839,"2022-07-16 06:36:28","2021-05-03 23:55:26",BOX-36889
740,SN-39436140,C7:60:3A:63:43:5D,840,"2020-03-22 06:23:55",,BOX-64451
741,SN-72079585,97:1F:E1:16:02:42,841,"2022-01-02 20:19:14",,BOX-08694
742,SN-70270485,A5:09:22:AB:EE:2E,842,"2023-07-06 02:58:09","2020-09-21 08:57:36",BOX-87954
743,SN-30009701,53:21:C6:B7:27:0B,843,"2022-04-17 14:35:20","2023-07-24 10:20:25",BOX-65324
744,SN-19950045,2D:BF:0E:78:73:88,844,"2022-03-31 17:38:28","2020-01-01 01:01:07",BOX-96175
745,SN-82013920,A1:2F:15:C5:DC:31,845,"2024-05-25 08:44:25","2022-10-21 22:13:27",BOX-58379
746,SN-55843317,2E:EE:D4:2E:68:3E,846,"2021-10-14 22:45:07","2022-02-17 14:12:01",BOX-37483
747,SN-34512911,D3:96:5F:4A:6E:5D,847,"2023-11-14 00:13:29","2021-04-05 01:08:03",BOX-96370
748,SN-73364225,4F:0D:96:E7:95:6D,848,"2021-03-08 07:06:10","2023-06-15 06:18:06",BOX-61785
749,SN-30001985,CC:B8:96:18:D5:D4,849,"2022-02-25 22:38:29","2021-01-12 22:59:33",BOX-66653
750,SN-39409905,43:64:ED:C7:AB:A8,850,"2021-11-08 05:31:28",,BOX-65264
751,SN-93439884,2F:42:CE:68:6F:73,851,"2021-07-25 04:54:16","2020-09-07 08:41:18",BOX-98328
752,SN-78170574,E8:C2:DE:7D:09:6D,852,"2021-03-06 01:03:59","2024-02-09 22:44:34",BOX-02705
753,SN-70570554,39:1D:92:BA:AE:E2,853,"2021-03-12 19:13:27","2023-09-06 12:31:13",BOX-69125
754,SN-05635577,B8:32:0E:4E:19:4A,854,"2020-08-14 15:24:37",,BOX-43471
755,SN-65832697,AF:31:C8:3C:B5:29,855,"2024-04-18 10:17:02",,BOX-33810
756,SN-50723612,FC:D0:DC:01:C9:2B,856,"2021-11-11 17:10:03","2022-06-02 09:46:18",BOX-98107
757,SN-07340134,BD:DE:D3:7A:C2:84,857,"2022-11-04 15:55:21",,BOX-16820
758,SN-01417507,F8:64:A4:EB:83:F5,858,"2021-11-12 17:54:33",,BOX-69208
759,SN-04545961,F8:CB:90:FD:55:B6,859,"2020-06-06 06:03:17","2020-07-15 16:32:26",BOX-30057
760,SN-61839180,92:83:70:18:07:9C,860,"2020-06-03 20:29:52",,BOX-23015
761,SN-15213172,E6:49:3C:64:7B:29,861,"2022-05-29 00:51:57","2020-10-11 09:15:51",BOX-36863
762,SN-37798891,DF:B2:02:C8:74:2E,862,"2021-03-09 05:26:54",,BOX-79616
763,SN-57157426,FD:E7:2E:CB:EC:05,863,"2023-12-27 07:16:28",,BOX-08098
764,SN-31731861,E0:D1:77:4C:AB:42,864,"2021-03-14 02:09:55","2022-12-08 21:18:16",BOX-80965
765,SN-40886349,06:96:68:F8:46:46,865,"2022-01-26 15:18:03",,BOX-18664
766,SN-39499278,5B:2F:58:33:D3:AC,866,"2023-05-14 08:05:24",,BOX-48101
767,SN-16542617,64:C8:F5:57:A9:0E,867,"2023-09-12 04:31:40",,BOX-09052
768,SN-82321847,F5:4E:2B:AB:AE:D7,868,"2023-03-13 19:14:46","2023-06-25 21:29:52",BOX-61248
769,SN-01284906,B3:90:09:CD:BA:23,869,"2021-11-02 12:08:40",,BOX-19447
770,SN-22539586,DB:6A:41:1D:28:C2,870,"2021-09-14 18:12:09","2023-02-09 03:31:18",BOX-18520
771,SN-31203201,D6:9E:1F:1C:76:1F,871,"2022-02-17 22:35:35","2020-04-17 14:49:49",BOX-12289
772,SN-55462468,46:A2:B9:C6:8F:AB,872,"2021-10-25 10:49:01",,BOX-63503
773,SN-57384849,79:20:1C:6F:1B:4A,873,"2020-08-29 14:58:06",,BOX-07679
774,SN-41235380,AC:EA:55:FF:B8:91,874,"2023-09-12 04:20:02",,BOX-22088
775,SN-48421073,36:4D:C0:00:C7:C1,875,"2022-08-18 09:53:46",,BOX-85010
776,SN-37662502,94:96:A9:86:2B:67,876,"2021-08-28 06:52:07",,BOX-67091
777,SN-41433249,76:2E:CC:E3:7A:08,877,"2021-11-21 02:02:37",,BOX-66689
778,SN-81260647,F7:29:A7:5C:B2:F5,878,"2020-05-04 08:42:54",,BOX-84980
779,SN-15046912,70:D5:54:4C:88:23,879,"2020-03-27 07:54:53","2022-06-25 07:08:37",BOX-45720
780,SN-38268367,26:4D:65:15:D2:53,880,"2022-06-04 21:17:57","2023-01-24 09:25:21",BOX-73946
781,SN-48550207,77:10:14:63:5A:11,881,"2023-03-24 07:43:28",,BOX-97193
782,SN-89867590,7C:AE:B1:A5:C9:28,882,"2020-04-04 08:39:19","2021-09-21 15:48:27",BOX-80542
783,SN-01625620,31:14:F4:A5:E7:14,883,"2021-04-29 17:13:55",,BOX-52865
784,SN-85888000,DD:C8:34:AC:7F:1C,884,"2020-01-15 06:21:40","2023-01-31 20:26:05",BOX-59791
785,SN-02474600,B8:77:86:A4:5A:2B,885,"2023-08-10 14:32:04",,BOX-76742
786,SN-21897476,99:4E:8D:B7:86:D9,886,"2024-05-30 08:12:32","2020-06-30 04:50:30",BOX-25320
787,SN-05237003,57:DA:AE:9F:BA:4D,887,"2023-06-17 08:19:00",,BOX-00039
788,SN-68760431,F7:1D:89:50:0F:37,888,"2020-01-31 03:34:27",,BOX-06222
789,SN-17422900,F9:90:13:0D:1C:12,889,"2021-10-11 04:36:22","2020-12-17 03:30:25",BOX-55008
790,SN-42464995,39:09:E1:F0:2D:F8,890,"2024-01-08 01:01:54",,BOX-63696
791,SN-55441916,29:91:06:EC:A3:5C,891,"2020-08-28 00:06:29",,BOX-05543
792,SN-76328802,06:F4:03:45:99:B5,892,"2022-12-04 21:34:04","2024-04-09 18:16:40",BOX-24118
793,SN-42402157,0C:87:99:6F:56:71,893,"2020-10-07 20:48:26","2024-01-22 04:50:26",BOX-03049
794,SN-64041430,71:45:1E:70:FB:D0,894,"2020-08-24 07:49:42","2022-12-10 05:56:24",BOX-91042
795,SN-09853701,B3:F2:83:1A:18:DB,895,"2020-10-06 15:03:43",,BOX-38365
796,SN-39925828,C8:D9:55:4C:B3:9D,896,"2024-04-01 00:13:46","2024-05-18 05:17:52",BOX-26848
797,SN-46417479,64:E0:B5:99:E9:1F,897,"2021-05-17 17:03:44","2021-11-01 18:06:06",BOX-73739
798,SN-31532618,E6:F1:DB:D3:32:00,898,"2023-05-19 02:49:56","2023-01-09 18:39:28",BOX-37241
799,SN-92011854,52:6E:61:8F:4B:C2,899,"2023-02-22 21:24:43","2022-06-02 09:23:05",BOX-57388
800,SN-02182377,1D:8E:5D:C4:B8:93,900,"2023-12-25 21:55:26","2022-06-25 17:51:45",BOX-91873
801,SN-50879675,57:53:E0:5C:DF:0D,901,"2022-01-10 15:25:55",,BOX-50942
802,SN-12512519,57:69:67:83:E7:EC,902,"2021-02-22 09:30:19","2023-09-09 07:54:03",BOX-17688
803,SN-10179902,CD:72:F1:EC:C1:3E,903,"2021-01-30 09:17:17","2022-08-01 07:17:26",BOX-33633
804,SN-72678201,B5:40:2D:7D:FB:57,904,"2021-09-08 20:45:01",,BOX-23428
805,SN-03781496,E5:16:9C:29:3C:0B,905,"2022-07-09 18:18:27",,BOX-43554
806,SN-67447665,67:79:2E:38:C5:92,906,"2023-03-06 07:07:54","2020-01-15 19:18:52",BOX-85868
807,SN-67715669,CB:C3:65:36:0B:68,907,"2020-09-06 21:42:06","2022-03-26 21:19:14",BOX-93968
808,SN-78475582,A1:BA:E0:F3:5C:B5,908,"2023-11-30 03:44:29",,BOX-40757
809,SN-12075658,74:F1:86:A8:F9:C5,909,"2020-07-30 00:43:47",,BOX-63542
810,SN-41532549,FD:B1:71:A4:BF:37,910,"2020-10-29 16:43:32","2024-06-14 19:17:05",BOX-51878
811,SN-77672663,87:5E:1B:44:EB:5E,911,"2021-04-06 07:53:25","2023-01-15 01:14:58",BOX-00835
812,SN-91687943,CC:2D:CF:A4:54:F6,912,"2023-07-01 19:01:40",,BOX-58420
813,SN-65569230,4E:D3:AF:8D:0C:19,913,"2022-09-20 02:30:20",,BOX-91307
814,SN-70714342,24:2F:D2:ED:07:31,914,"2022-03-14 03:01:55",,BOX-37982
815,SN-43253618,83:F4:33:5B:A5:2F,915,"2022-09-01 07:11:31",,BOX-89554
816,SN-71846914,F0:74:02:4A:1A:20,916,"2020-07-20 09:58:09","2024-01-05 22:31:11",BOX-96565
817,SN-78907334,66:DB:8E:7B:F4:B2,917,"2023-01-30 19:39:12","2021-12-09 17:10:18",BOX-50920
818,SN-64754129,47:FA:C7:66:4F:B4,918,"2020-03-15 04:54:37",,BOX-90535
819,SN-27556309,4C:39:DC:CE:E4:41,919,"2021-06-23 11:55:34","2021-09-11 22:25:21",BOX-69670
820,SN-95019653,BB:3B:52:8D:E3:D9,920,"2022-01-09 09:23:44","2020-10-10 22:51:15",BOX-32611
821,SN-09420946,1E:DA:19:AE:70:DC,921,"2022-02-04 21:50:00","2023-03-18 04:45:47",BOX-71368
822,SN-53007147,13:6E:4E:D1:26:69,922,"2020-08-21 11:03:33",,BOX-64653
823,SN-91674663,BC:A7:07:46:20:1D,923,"2021-08-11 18:07:44",,BOX-12947
824,SN-38804360,0D:7E:B5:24:EB:F9,924,"2022-05-08 02:57:04",,BOX-23016
825,SN-48804136,17:91:78:C8:1E:C4,925,"2020-04-04 19:40:33","2022-09-20 00:02:41",BOX-46146
826,SN-19666625,AA:32:4C:2B:D6:E6,926,"2022-04-17 10:59:37","2023-08-06 00:03:48",BOX-28915
827,SN-03705971,0C:FA:BE:F7:D3:21,927,"2023-05-06 22:59:07","2020-11-23 15:32:56",BOX-89462
828,SN-04878733,B1:CC:3B:96:5D:D8,928,"2021-05-22 16:49:29","2022-07-22 15:43:05",BOX-89562
829,SN-00781362,9E:70:EF:0C:63:0D,929,"2023-01-16 22:21:27","2023-08-11 22:24:54",BOX-44623
830,SN-48895402,EF:0B:51:50:C2:2D,930,"2023-06-02 03:02:37",,BOX-12956
831,SN-38384561,8A:14:09:0D:A9:0D,931,"2022-06-12 11:20:01","2021-09-20 14:02:59",BOX-04386
832,SN-39329544,67:05:43:41:66:CC,932,"2024-04-19 05:01:09","2020-11-19 03:00:32",BOX-02341
833,SN-92842196,20:4C:F2:FC:F3:38,933,"2021-07-18 02:04:12","2021-04-06 01:27:32",BOX-28951
834,SN-35159626,02:44:7B:6F:1F:E1,934,"2021-11-09 10:47:42","2021-06-29 10:37:31",BOX-46855
835,SN-78656148,1E:85:33:D0:EF:14,935,"2022-02-20 03:40:34",,BOX-19106
836,SN-97543859,1B:66:BB:0A:E2:3E,936,"2021-07-21 01:10:42",,BOX-11645
837,SN-35032935,31:8E:C0:04:5D:59,937,"2023-04-21 16:07:07",,BOX-48218
838,SN-80465469,76:6C:BA:AB:CA:8E,938,"2021-09-10 22:35:55","2021-09-23 00:57:19",BOX-42700
839,SN-28336476,C0:9C:4D:C0:41:81,939,"2024-02-11 17:39:48",,BOX-38149
840,SN-61799786,9A:F3:58:BD:EA:FB,940,"2024-03-29 09:41:27","2023-08-24 21:54:51",BOX-73081
841,SN-53472946,0C:1B:CC:A7:C0:B0,941,"2024-03-03 03:39:35","2022-11-29 02:55:27",BOX-59125
842,SN-60232916,87:98:BF:90:20:FB,942,"2024-04-22 03:29:05",,BOX-51194
843,SN-00424920,E2:8A:8E:9D:4B:FC,943,"2022-07-20 12:04:08",,BOX-80736
844,SN-88908627,55:39:C7:F3:03:5E,944,"2020-06-07 10:54:24","2020-11-26 19:20:53",BOX-30599
845,SN-14041658,DE:59:9E:A3:97:B3,945,"2021-10-14 05:44:37",,BOX-30742
846,SN-24412419,BF:F5:EC:EF:33:6E,946,"2020-03-15 01:47:55","2020-05-02 10:01:54",BOX-35649
847,SN-08341979,DC:33:FC:DF:28:04,947,"2022-04-22 06:47:43",,BOX-79978
848,SN-47899002,6E:D7:A1:0A:8F:95,948,"2022-06-16 04:30:48",,BOX-89273
849,SN-55369004,7C:B1:06:8C:75:F1,949,"2021-05-25 10:19:50","2020-12-13 04:38:55",BOX-72853
850,SN-06405319,58:57:58:67:95:02,950,"2022-09-25 06:07:17","2021-01-17 04:39:06",BOX-23907
851,SN-69338540,FA:27:CB:E4:57:7A,951,"2023-09-28 03:19:27",,BOX-28060
852,SN-48176660,1E:FB:E0:E1:44:5F,952,"2020-06-23 14:16:34","2022-12-24 15:15:08",BOX-26161
853,SN-94925139,B2:C5:1A:5F:5B:A4,953,"2022-12-11 16:40:34","2020-06-11 18:28:40",BOX-09050
854,SN-35924802,EA:EF:84:67:71:83,954,"2023-12-05 10:06:42",,BOX-63156
855,SN-06203022,40:8F:4C:12:CD:17,955,"2021-01-07 07:39:53","2023-05-20 14:03:26",BOX-86726
856,SN-22072707,59:01:10:FC:92:42,956,"2022-07-06 11:31:12",,BOX-20325
857,SN-45063164,8D:B3:F3:3C:4B:40,957,"2020-09-08 04:32:06",,BOX-77361
858,SN-15978739,94:5B:50:D2:DF:C5,958,"2020-11-08 05:23:39","2021-06-21 20:07:37",BOX-58365
859,SN-21450774,EE:F9:B3:E8:34:44,959,"2021-03-12 14:13:14","2022-08-22 03:42:25",BOX-07582
860,SN-40250440,67:68:D1:12:9D:78,960,"2022-02-21 04:38:31",,BOX-73175
861,SN-08866438,B4:CD:AE:52:A7:30,961,"2023-04-02 04:17:43","2022-06-18 08:44:14",BOX-06316
862,SN-21384727,B2:49:71:6D:B9:89,962,"2020-12-04 20:13:03",,BOX-94280
863,SN-69622140,A3:DA:5F:BB:1F:1C,963,"2020-12-18 16:23:47",,BOX-29439
864,SN-67349862,71:59:63:1A:FA:8A,964,"2020-04-12 05:47:06","2022-03-24 11:56:04",BOX-10317
865,SN-77639959,BD:DA:B1:70:E8:B5,965,"2021-12-09 16:02:48",,BOX-42848
866,SN-85439072,78:56:65:C2:9C:5F,966,"2023-07-30 11:50:53",,BOX-86109
867,SN-84444387,AA:2B:78:D9:76:DD,967,"2021-11-02 20:17:04","2020-09-30 06:33:21",BOX-25448
868,SN-76308713,4B:B2:66:35:AA:E4,968,"2022-10-25 16:20:49","2024-04-24 16:33:04",BOX-66078
869,SN-28910777,45:8F:00:D1:64:7A,969,"2020-03-31 13:31:00","2023-07-12 19:43:54",BOX-82305
870,SN-34668902,9B:B7:B3:1D:CB:B8,970,"2021-05-29 16:22:20",,BOX-59930
871,SN-41245599,D2:98:43:92:64:D7,971,"2022-04-12 06:34:50",,BOX-49293
872,SN-58606543,C7:9C:35:FC:58:64,972,"2020-10-14 17:20:42",,BOX-17205
873,SN-47591185,6E:3C:8F:80:82:4D,973,"2023-09-09 01:19:47",,BOX-89284
874,SN-35513426,81:99:29:EA:15:5C,974,"2024-01-19 00:32:22","2023-03-04 22:15:57",BOX-96530
875,SN-06644366,23:0A:04:57:1D:57,975,"2022-12-20 09:52:51",,BOX-58015
876,SN-48864892,41:8A:15:FC:03:E5,976,"2020-03-30 13:30:45",,BOX-45089
877,SN-71842339,12:DC:B7:49:C8:38,977,"2020-12-21 04:14:45","2021-04-29 13:00:52",BOX-93186
878,SN-88488259,93:52:EC:B8:3C:02,978,"2021-04-18 14:19:52",,BOX-90115
879,SN-57072315,56:D8:39:86:96:3D,979,"2024-03-27 17:03:57","2023-03-06 13:28:16",BOX-48593
880,SN-63784472,ED:74:A8:ED:93:C2,980,"2023-11-17 06:16:43",,BOX-43691
881,SN-17664588,06:DA:A2:93:F2:C4,981,"2022-06-30 08:12:46","2024-05-25 01:41:23",BOX-61297
882,SN-26710438,A9:E9:99:AD:DF:D1,982,"2023-10-12 22:22:27",,BOX-86198
883,SN-50681836,A2:5A:9E:2A:38:82,983,"2022-05-31 18:29:22","2022-09-01 09:08:33",BOX-97769
884,SN-64359154,91:16:A1:22:31:30,984,"2020-11-14 15:42:10",,BOX-24791
885,SN-36442262,8A:34:67:0C:02:D9,985,"2020-08-13 07:55:16",,BOX-19241
886,SN-09726914,A7:4D:99:C3:92:43,986,"2023-01-27 18:25:13","2021-10-17 10:04:42",BOX-60449
887,SN-03585171,F0:11:B6:AE:83:86,987,"2021-06-09 05:05:50",,BOX-42866
888,SN-96562791,C5:06:95:CC:08:A6,988,"2021-07-03 06:37:11","2023-01-02 06:07:43",BOX-80064
889,SN-13707248,D2:1C:F5:98:13:6C,989,"2024-04-04 05:17:40","2023-05-28 22:28:11",BOX-94561
890,SN-46797077,27:CD:BA:03:99:FC,990,"2022-11-25 09:46:46",,BOX-62653
891,SN-72949333,19:FF:ED:3B:F9:62,991,"2023-08-02 15:48:07","2023-12-17 16:49:33",BOX-99111
892,SN-72927814,F6:CF:A6:D3:36:D7,992,"2020-06-03 09:54:09","2022-01-23 14:37:46",BOX-68627
893,SN-61695659,29:9F:41:82:EC:8A,993,"2022-08-15 10:17:40","2020-10-28 13:27:31",BOX-96493
894,SN-32442856,7D:CA:7F:8A:FD:C3,994,"2023-09-02 12:18:39","2020-01-30 13:55:43",BOX-81139
895,SN-90087976,2F:7E:43:07:09:3A,995,"2021-07-16 11:19:46","2020-11-28 06:52:12",BOX-86684
896,SN-48767873,8A:6C:2C:FE:CB:3C,996,"2021-07-28 10:51:01",,BOX-84419
897,SN-18280613,29:16:A6:EC:4A:72,997,"2024-03-30 17:16:31","2023-02-28 07:43:18",BOX-64350
898,SN-56836778,C2:9D:3F:DD:96:27,998,"2022-02-18 23:52:07","2022-10-23 01:55:04",BOX-55200
899,SN-62244102,F9:30:3B:9A:6B:20,999,"2021-08-24 15:39:38","2023-09-18 21:30:21",BOX-73249
900,SN-35440071,28:C1:FE:6F:B9:93,1000,"2022-12-25 05:54:34","2023-08-14 20:01:15",BOX-84387
901,SN-68669955,94:FD:BE:15:73:7F,1001,"2020-10-01 11:44:07",,BOX-30627
902,SN-15419074,1E:DE:78:09:8B:FF,1002,"2023-02-28 20:03:55",,BOX-22814
903,SN-16894651,33:21:87:88:6C:1C,1003,"2022-02-10 06:13:52","2020-05-31 17:24:19",BOX-67502
904,SN-64893340,0F:8D:38:A2:34:04,1004,"2020-10-31 23:43:01","2020-03-27 15:59:02",BOX-50693
905,SN-57980477,8A:E8:20:CC:BA:E5,1005,"2024-06-14 06:32:43","2021-01-08 22:02:37",BOX-93319
906,SN-01324760,97:44:1C:23:A9:C8,1006,"2021-06-10 03:16:26","2022-12-09 21:39:57",BOX-21279
907,SN-85091071,B6:85:89:FA:93:C3,1007,"2023-01-12 08:15:14","2024-06-01 07:17:41",BOX-89716
908,SN-18099540,EC:64:B0:86:F7:0B,1008,"2022-12-04 09:29:48","2023-07-20 05:36:33",BOX-22325
909,SN-94593622,EE:FD:27:DF:37:FE,1009,"2023-08-07 04:29:05",,BOX-59538
910,SN-75909772,2C:B1:4F:8B:E1:01,1010,"2020-05-14 00:21:55","2022-12-06 23:36:12",BOX-32353
911,SN-99973590,73:01:39:69:83:86,1011,"2021-06-14 23:26:42",,BOX-62277
912,SN-99079772,AC:B9:5E:35:DF:61,1012,"2022-04-20 20:27:57",,BOX-12256
913,SN-76114499,7C:F7:CA:89:3F:DF,1013,"2023-01-10 03:21:58","2022-03-01 17:08:11",BOX-75061
914,SN-99652178,37:E0:4A:5D:CA:20,1014,"2021-12-27 01:06:00","2024-04-17 03:22:11",BOX-30024
915,SN-09440435,F3:1A:DA:EA:A4:41,1015,"2023-03-23 08:50:30",,BOX-09401
916,SN-29220560,BF:67:2B:07:44:DB,1016,"2024-03-17 22:23:10","2023-01-13 22:26:47",BOX-29951
917,SN-82822339,28:A7:B3:BC:68:84,1017,"2021-02-26 08:27:54",,BOX-65351
918,SN-71066735,C5:CB:94:30:ED:22,1018,"2021-01-29 13:49:48","2021-12-08 04:40:15",BOX-19846
919,SN-80291169,3D:04:5A:B2:9F:04,1019,"2022-06-05 07:26:28",,BOX-41121
920,SN-49401840,46:D9:27:DE:97:82,1020,"2023-08-23 04:17:27","2024-05-02 11:32:51",BOX-16697
921,SN-71912453,A0:30:B6:C7:98:14,1021,"2023-12-13 12:15:33",,BOX-98178
922,SN-95637567,4A:B1:D8:33:71:CE,1022,"2023-08-18 17:00:50",,BOX-45497
923,SN-17402253,F6:41:CA:18:97:17,1023,"2021-02-01 08:42:10","2022-01-27 05:36:45",BOX-08998
924,SN-84077956,C0:2F:3A:7E:A9:CA,1024,"2021-07-16 02:21:53","2021-08-13 14:11:30",BOX-34472
925,SN-74922163,42:41:4F:72:F8:D2,1025,"2021-11-07 09:03:07","2023-02-13 17:40:34",BOX-41286
926,SN-98228217,7A:E0:CB:4F:18:B4,1026,"2021-12-22 08:41:51",,BOX-80292
927,SN-23420094,5A:45:F2:BB:B7:2B,1027,"2023-11-05 12:37:27","2020-05-11 08:06:40",BOX-74479
928,SN-65189485,9F:D3:8A:B3:47:FA,1028,"2020-06-18 18:36:57",,BOX-40589
929,SN-15553338,11:69:05:41:D5:AD,1029,"2020-03-07 06:35:28","2024-02-08 23:36:03",BOX-84692
930,SN-41588325,DC:78:9B:F9:3F:0D,1030,"2023-12-04 08:14:33","2023-01-25 05:06:23",BOX-34291
931,SN-65915489,A4:54:CF:63:8C:44,1031,"2020-06-02 22:30:37","2020-01-05 04:48:56",BOX-28438
932,SN-63158319,42:E6:F0:93:90:41,1032,"2021-11-03 17:08:13","2022-12-22 19:29:56",BOX-62149
933,SN-67134038,6D:59:A0:F9:E4:06,1033,"2020-05-03 22:04:55","2023-09-19 11:52:26",BOX-04374
934,SN-83457432,D8:F6:EE:E9:E5:C5,1034,"2020-01-23 23:40:56","2020-07-16 22:40:14",BOX-32245
935,SN-90589633,C9:FE:AA:B2:A0:9B,1035,"2020-08-14 09:23:33",,BOX-24390
936,SN-28653257,48:A7:A6:FE:FB:C8,1036,"2022-01-21 06:50:37","2021-06-12 12:28:01",BOX-70854
937,SN-18610799,88:4F:34:AF:73:11,1037,"2020-05-12 19:13:02","2022-10-17 05:10:11",BOX-17729
938,SN-19543403,79:FC:31:FE:AE:FA,1038,"2020-11-07 17:40:59","2022-10-01 22:13:58",BOX-84989
939,SN-92223397,85:03:AA:01:90:81,1039,"2022-07-28 01:16:47","2022-03-26 23:42:03",BOX-11574
940,SN-00435777,CB:B2:A4:F7:14:CF,1040,"2022-10-17 08:45:44",,BOX-40140
941,SN-15853421,41:0B:6B:1D:45:5F,1041,"2022-10-08 11:36:14","2020-07-01 18:31:39",BOX-94312
942,SN-08138352,D4:C5:ED:51:CC:55,1042,"2020-12-02 06:11:08",,BOX-70740
943,SN-05185051,2E:A5:22:71:A3:BA,1043,"2021-11-04 17:11:12","2023-02-02 14:48:28",BOX-21125
944,SN-98595117,A9:1F:09:F8:63:0F,1044,"2020-07-23 22:17:15",,BOX-33488
945,SN-04017383,26:22:97:55:3A:EC,1045,"2023-08-09 20:11:56",,BOX-61570
946,SN-58519698,84:03:B7:19:BD:B0,1046,"2021-03-02 04:46:59",,BOX-29044
947,SN-19219299,48:04:7D:CE:76:20,1047,"2020-12-01 16:31:13",,BOX-49355
948,SN-03069813,00:43:4E:E1:37:81,1048,"2024-06-11 11:32:12",,BOX-54074
949,SN-79620373,E7:36:D6:CC:A7:62,1049,"2020-01-06 18:04:32",,BOX-87885
950,SN-38812152,9A:C9:92:C8:C1:2B,1050,"2021-01-07 09:45:40","2020-08-06 17:02:41",BOX-26093
951,SN-90335174,7D:08:17:B8:FE:D5,1051,"2022-07-10 00:37:31","2024-03-06 07:44:46",BOX-37675
952,SN-36319984,28:87:FA:98:82:37,1052,"2020-01-22 01:28:46","2023-12-11 15:24:19",BOX-38715
953,SN-04190400,1A:9E:E1:BA:DA:B7,1053,"2023-07-01 17:16:56","2022-05-20 22:31:28",BOX-77345
954,SN-60566303,4C:B4:A1:07:49:BE,1054,"2020-04-27 17:07:48","2022-03-23 01:05:39",BOX-73362
955,SN-30994006,D3:D2:3B:65:CD:38,1055,"2020-06-18 22:58:06","2021-05-25 06:35:40",BOX-22656
956,SN-37370880,7F:F3:EE:05:88:D7,1056,"2022-09-04 16:15:07",,BOX-22466
957,SN-56209771,90:ED:11:35:32:5E,1057,"2021-03-01 17:13:20","2023-12-30 01:46:24",BOX-30048
958,SN-29332090,4E:88:D4:0F:05:66,1058,"2021-04-12 15:41:48",,BOX-89895
959,SN-96679857,D0:05:7A:AF:F7:95,1059,"2022-08-27 16:32:42",,BOX-85073
960,SN-17923504,25:11:0C:0A:02:4C,1060,"2021-03-17 13:43:57",,BOX-85926
961,SN-56608173,62:E5:EC:7C:2C:8F,1061,"2021-09-10 11:22:06","2022-06-15 03:08:43",BOX-83727
962,SN-51273982,02:72:9C:AA:4A:39,1062,"2024-03-07 12:54:59",,BOX-14667
963,SN-76541863,B0:9E:D5:73:48:F8,1063,"2021-05-08 08:22:39",,BOX-89153
964,SN-36753897,80:BD:04:48:9D:0F,1064,"2021-01-11 09:07:16","2020-04-17 04:41:07",BOX-23140
965,SN-29858311,17:68:6A:A7:C7:F6,1065,"2023-10-20 21:43:34","2021-05-20 02:52:21",BOX-86048
966,SN-43175837,3E:5E:2A:43:0F:F9,1066,"2022-08-24 16:55:47","2021-01-22 04:15:43",BOX-25238
967,SN-83729171,57:7B:C9:D1:93:50,1067,"2022-07-30 11:30:42","2020-04-20 18:09:06",BOX-03054
968,SN-39770454,9D:39:16:AB:2F:63,1068,"2022-04-14 12:05:54","2022-02-03 14:48:02",BOX-07925
969,SN-43611422,02:6E:00:A5:D6:95,1069,"2021-01-10 00:51:18","2020-07-23 09:29:27",BOX-72025
970,SN-46185785,AF:D0:7D:70:B7:6A,1070,"2021-05-23 06:34:16","2021-05-09 21:03:09",BOX-00848
971,SN-71524961,7B:83:70:79:1D:F0,1071,"2021-11-09 14:03:41",,BOX-57223
972,SN-94071125,48:2A:A5:11:F4:4B,1072,"2023-01-23 09:35:31","2023-04-16 03:18:56",BOX-56500
973,SN-89363640,76:90:AB:2E:EE:5F,1073,"2022-04-16 22:38:27","2022-11-10 16:44:33",BOX-17604
974,SN-72043654,A5:D7:E1:62:48:32,1074,"2023-06-09 21:26:49",,BOX-60919
975,SN-65163257,B5:6E:40:BF:21:C8,1075,"2022-04-10 10:29:35","2020-06-02 09:30:15",BOX-50910
976,SN-91982359,9E:D8:0F:A4:98:51,1076,"2022-11-24 22:30:35",,BOX-84774
977,SN-61893882,50:4E:B9:74:4A:53,1077,"2020-02-16 18:41:36","2020-12-27 07:34:02",BOX-27432
978,SN-98562878,53:D1:7E:3B:DE:B7,1078,"2024-01-19 23:15:58","2023-08-14 09:35:44",BOX-73326
979,SN-24635405,B2:0D:02:09:C3:75,1079,"2021-08-09 12:13:54",,BOX-63855
980,SN-76889400,9B:BD:96:89:04:6E,1080,"2022-11-08 06:39:26","2023-03-26 18:22:47",BOX-23914
981,SN-36855865,55:18:32:6B:D6:69,1081,"2021-01-19 12:19:46",,BOX-88738
982,SN-74430555,3D:03:28:A1:3E:B3,1082,"2020-11-03 22:04:04","2021-08-14 08:57:39",BOX-00218
983,SN-76011567,12:02:29:D8:21:E2,1083,"2023-09-05 15:48:45",,BOX-24906
984,SN-61390773,2B:A5:CB:13:E7:16,1084,"2024-04-15 16:27:27",,BOX-47333
985,SN-85533026,A5:FC:BF:BD:D6:57,1085,"2023-03-21 09:41:08","2024-06-04 00:51:25",BOX-14322
986,SN-66432448,5A:42:0C:D2:80:8A,1086,"2021-04-07 15:04:57","2020-06-19 04:26:11",BOX-78553
987,SN-53763271,6F:25:32:2C:E9:93,1087,"2023-05-14 21:55:07",,BOX-40555
988,SN-85148847,CC:C1:F8:51:33:AF,1088,"2021-06-29 05:38:40",,BOX-66815
989,SN-33366265,A7:B2:C7:CC:08:42,1089,"2021-03-31 04:42:32","2020-07-25 11:14:20",BOX-46404
990,SN-77199978,AB:86:23:F8:7E:27,1090,"2020-02-27 23:47:20","2020-08-17 18:58:48",BOX-90454
991,SN-80377771,1E:CA:F2:91:9C:28,1091,"2021-04-18 12:43:06",,BOX-21969
992,SN-40517105,69:D0:48:18:DE:24,1092,"2024-03-01 02:32:32",,BOX-46221
993,SN-02026095,B9:19:C3:DF:B3:9B,1093,"2023-01-22 20:41:40","2024-05-12 15:39:15",BOX-65820
994,SN-85376599,D6:02:8D:F8:CC:F7,1094,"2020-01-15 05:16:17","2021-07-06 01:16:59",BOX-61850
995,SN-31534540,D1:74:70:C5:5D:CC,1095,"2021-06-15 08:21:36","2023-11-20 09:17:04",BOX-33589
996,SN-07450159,9C:33:00:EF:73:FB,1096,"2023-01-20 08:41:11",,BOX-60312
997,SN-57384638,00:04:41:ED:D4:41,1097,"2023-03-02 14:23:07",,BOX-13254
998,SN-94223879,CA:74:E6:FA:F7:3A,1098,"2022-08-03 23:09:50","2024-02-01 18:00:23",BOX-14004
999,SN-85626015,2F:43:CF:04:1F:BC,1099,"2020-11-20 11:44:22","2024-02-04 10:35:50",BOX-33596
1000,SN-35034379,35:DD:A8:B8:17:13,1100,"2023-08-06 01:41:50","2022-10-02 02:58:09",BOX-45547
